,query,set_code,item_in_taxonomy,reasoning,table_name,category,number_values
0,"เงินสดและรายการเทียบเท่าเงินสด 3.3, 5.1, 6.4",100100,เงินสดและรายการเทียบเท่าเงินสด,The query's name 'เงินสดและรายการเทียบเท่าเงินสด' directly matches the item_in_taxonomy 'เงินสดและรายการเทียบเท่าเงินสด' in the Taxonomy list. And the value of property 'fs_category' in the Taxonomy list item is 'สินทรัพย์' which is related to the input metadata 'fs_category' value: 'สินทรัพย์'.,งบฐานะการเงิน,สินทรัพย์,"[221194042, 260038833, 216166618, 255266661]"
1,รายได้ค่าธรรมเนียมและบริการค้างรับ จากธุรกิจจัดการลงทุน 6.4,101100,รายได้ค่าธรรมเนียมและบริการค้างรับจากธุรกิจจัดการลงทุน,"The query ""รายได้ค่าธรรมเนียมและบริการค้างรับ จากธุรกิจจัดการลงทุน 6.4"" is mapped to the item_in_taxonomy ""รายได้ค่าธรรมเนียมและบริการค้างรับจากธุรกิจจัดการลงทุน"" because the query explicitly mentions the exact term in the taxonomy. This item belongs to the financial statement type BS_A and has the SET code 101100.",งบฐานะการเงิน,สินทรัพย์,"[144377989, 125646437, 144377989, 125646437]"
2,"เงินลงทุนที่ไม่ได้วางเป็นประกัน 3.4, 5.2, 6.4",101660,เงินลงทุนที่ไม่ได้วางเป็นประกัน,"The query mentions ""เงินลงทุนที่ไม่ได้วางเป็นประกัน"" which directly matches the item ""เงินลงทุนที่ไม่ได้วางเป็นประกัน"" in the taxonomy list. The  financial_statement_type is extracted from the INPUT METADATA where financial_statement_type is งบฐานะการเงิน, which means Balance Sheet and fs_category is สินทรัพย์, which means asset. Thus, the financial_statement_type should be BS_A.",งบฐานะการเงิน,สินทรัพย์,"[870626980, 931956683, 504419355, 566822292]"
3,"เงินลงทุนที่วางเป็นประกัน 3.4, 5.2, 6.1",101670,เงินลงทุนที่วางเป็นประกัน,"The query 'เงินลงทุนที่วางเป็นประกัน' is an exact match with the 'item_in_taxonomy' in the Taxonomy list. The fs_category is สินทรัพย์, which matches the INPUT METADATA. Thus, the correct SET Code is 101670.",งบฐานะการเงิน,สินทรัพย์,"[1079200, 1079200, 1079200, 1079200]"
4,"เงินลงทุนในบริษัทย่อย 3.5, 5.3",102610,เงินลงทุนในบริษัทย่อย บริษัทร่วม และการร่วมค้า ที่บันทึกโดยวิธีส่วนได้เสีย - สุทธิ เงินลงทุนในบริษัทย่อย,"The query mentions ""เงินลงทุนในบริษัทย่อย"" which directly corresponds to the item ""เงินลงทุนในบริษัทย่อย บริษัทร่วม และการร่วมค้า ที่บันทึกโดยวิธีส่วนได้เสีย - สุทธิ เงินลงทุนในบริษัทย่อย"" in the taxonomy list. Thus, this item is the most appropriate match.",งบฐานะการเงิน,สินทรัพย์,"[0, 0, 500074930, 500074930]"
5,"อาคารและอุปกรณ์ 3.6, 5.4",103800,ที่ดิน อาคาร และอุปกรณ์ - สุทธิ,"The INPUT, ""อาคารและอุปกรณ์"", maps to ""Property, Plant And Equipment - Net"" based on the Taxonomy List. The INPUT METADATA's financial_statement_type is ""งบฐานะการเงิน"" which maps to financial_statement_type ""BS_A"" and fs_category is ""สินทรัพย์"" which maps to fs_category ""สินทรัพย์"". Thus, the SET Code should be 103800.",งบฐานะการเงิน,สินทรัพย์,"[23555562, 22676780, 23555560, 22676778]"
6,"สินทรัพย์สิทธิการใช้ 3.7, 5.5",103900,สินทรัพย์สิทธิการใช้ - สุทธิ,"The INPUT contains the term สินทรัพย์สิทธิการใช้,  and the INPUT METADATA specifies financial_statement_type is งบฐานะการเงิน and fs_category is สินทรัพย์. Thus, the most relevant item in the Taxonomy list is สินทรัพย์สิทธิการใช้ - สุทธิ with SET Code 103900. ",งบฐานะการเงิน,สินทรัพย์,"[187338224, 185107798, 187338224, 185107798]"
7,"สินทรัพย์ไม่มีตัวตน 3.8, 5.6",104100,สินทรัพย์ไม่มีตัวตน - สุทธิ,"The query mentions ""สินทรัพย์ไม่มีตัวตน"" which directly corresponds to multiple matching items in the taxonomy list.  The most relevant item is chosen based on the fs_category filter being สินทรัพย์ and financial_statement_type being BS_A.",งบฐานะการเงิน,สินทรัพย์,"[18934915, 19539614, 18934913, 19539612]"
8,"สินทรัพย์ภาษีเงินได้รอการตัดบัญชี 3.13, 5.11",104400,สินทรัพย์ภาษีเงินได้รอตัดบัญชี,"The query 'สินทรัพย์ภาษีเงินได้รอการตัดบัญชี' is a perfect match to the 'item_in_taxonomy' in the Taxonomy list.  Also, the input metadata 'fs_category' is สินทรัพย์ which is related to the 'fs_category' in the Taxonomy list. Therefore, the correct SET Code is 104400.",งบฐานะการเงิน,สินทรัพย์,"[91787543, 90437240, 63387704, 62281618]"
9,"สินทรัพย์อื่น 5.7, 6.4",109900,สินทรัพย์อื่น - สุทธิ,The INPUT  'สินทรัพย์อื่น' matches the closest meaning to 'สินทรัพย์อื่น - สุทธิ' in the Taxonomy list. And the value of property 'fs_category' in the Taxonomy list item is 'สินทรัพย์' that is related to the input metadata 'fs_category' with value 'สินทรัพย์'.,งบฐานะการเงิน,สินทรัพย์,"[47692832, 46973055, 51198636, 56778460]"
10,รวมสินทรัพย์,109999,รวมสินทรัพย์,"The query 'รวมสินทรัพย์' is an exact match with the 'item_in_taxonomy' field in the Taxonomy list, and the 'fs_category' field in the Taxonomy list matches the 'fs_category' from the input metadata.",งบฐานะการเงิน,สินทรัพย์,"[1606587287, 1683455640, 1710533129, 1795273786]"
11,"หนี้สินตามสัญญาเช่า 3.7, 5.8, 6.4",202400,หนี้สินตามสัญญาเช่า,"The query \""หนี้สินตามสัญญาเช่า\"" in financial statement type งบฐานะการเงิน(BS_L) and fs_category is หนี้สิน can be matched to multiple items in the taxonomy.  The best match is selected based on the highest similarity score.",งบฐานะการเงิน,หนี้สิน,"[191855315, 187708428, 191855315, 187708428]"
12,"ภาษีเงินได้ค้างจ่าย 3.13, 5.16",203000,ภาษีเงินได้นิติบุคคลค้างจ่าย,"The input mentions  'ภาษีเงินได้ค้างจ่าย' and the financial statement type is balance sheet (งบฐานะการเงิน) with fs category is liabilities (หนี้สิน), suggesting a payable amount. Therefore, 'ภาษีเงินได้นิติบุคคลค้างจ่าย' is the most appropriate match.",งบฐานะการเงิน,หนี้สิน,"[8941669, 5120518, 7717893, 3940648]"
13,"ประมาณการหนี้สินสำหรับผลประโยชน์พนักงาน 3.14, 5.9",202700,ประมาณการหนี้สินผลประโยชน์พนักงาน,"The query mentions ""ประมาณการหนี้สิน"" and ""ผลประโยชน์พนักงาน"" which directly corresponds to the item ""ประมาณการหนี้สินผลประโยชน์พนักงาน"" in the taxonomy list.  The fs_category also matches the input metadata.",งบฐานะการเงิน,หนี้สิน,"[121092916, 119878735, 121092916, 119878735]"
14,"ประมาณการหนี้สิน 3.9, 3.10, 5.10",202800,ประมาณการหนี้สิน,"The input explicitly mentions ""ประมาณการหนี้สิน"" which directly corresponds to the item ""ประมาณการหนี้สิน"" in the provided taxonomy list. Therefore, the most relevant match is ""ประมาณการหนี้สิน"" with SET Code 202800.",งบฐานะการเงิน,หนี้สิน,"[1999167, 1998149, 1999167, 1998149]"
15,ค่าใช้จ่ายค้างจ่าย 6.4,202500,ค่าใช้จ่ายค้างจ่าย,"The input query 'ค่าใช้จ่ายค้างจ่าย'  is an exact match with the 'item_in_taxonomy' in the Taxonomy list.  Also, the input metadata financial_statement_type งบฐานะการเงิน is BS_L and fs_category is หนี้สิน  match with the Taxonomy list. Therefore, the correct SET Code is 202500 and Item in Taxonomy is ค่าใช้จ่ายค้างจ่าย",งบฐานะการเงิน,หนี้สิน,"[108981152, 131521737, 108916117, 131418852]"
16,หนี้สินอื่น 6.4,209900,หนี้สินอื่น,The most relevant item from the provided taxonomy list is 'หนี้สินอื่น' because the input query explicitly mentions 'หนี้สินอื่น'. ,งบฐานะการเงิน,หนี้สิน,"[47371819, 48158642, 47394988, 48166660]"
17,รวมหนี้สิน,209999,รวมหนี้สิน,"The input line item name is รวมหนี้สิน and input metadata financial_statement_type is งบฐานะการเงิน, fs_category is หนี้สิน. Thus, the matched taxonomy item should have fs_category  as หนี้สิน and financial_statement_type as BS_L. The best match from the taxonomy list is set_code: 209999, item_in_taxonomy: รวมหนี้สิน",งบฐานะการเงิน,หนี้สิน,"[480242038, 494386209, 478976396, 493111472]"
18,125615708,null,null,"I apologize, I could not find any suitable taxonomy information to answer your request.",งบฐานะการเงิน,ส่วนของเจ้าของ,"[125615708, 125615708, 125615708, 125615708]"
19,ส่วนเกินมูลค่าหุ้น,310420,ส่วนเกิน (ต่ำกว่า) มูลค่าหุ้นสามัญ,"The input name 'ส่วนเกินมูลค่าหุ้น' is related to premium on share capital, and the closest match in the taxonomy list is 'ส่วนเกิน (ต่ำกว่า) มูลค่าหุ้นสามัญ' with the set code '310420'.",งบฐานะการเงิน,ส่วนของเจ้าของ,"[775201216, 775201216, 775201216, 775201216]"
20,สำรองตามกฎหมาย 5.12,310611,กำไรสะสม - จัดสรรแล้ว สำรองตามกฎหมาย,"The query mentions 'สำรองตามกฎหมาย' which directly matches the item 'สำรองตามกฎหมาย' or 'กำไรสะสม - จัดสรรแล้ว สำรองตามกฎหมาย' in the taxonomy list. Considering the provided fs_category 'ส่วนของเจ้าของ' and financial_statement_type 'งบฐานะการเงิน', the most appropriate match is 'กำไรสะสม - จัดสรรแล้ว สำรองตามกฎหมาย' with SET Code '310611'.",งบฐานะการเงิน,ส่วนของเจ้าของ,"[18000000, 18000000, 18000000, 18000000]"
21,สำรองเพื่อรักษาระดับราคาหลักทรัพย์,310619,กำไรสะสม - จัดสรรแล้ว สำรองอื่น ๆ,"The meaning_of_taxonomy property in the Taxonomy list mentions 'สำรองเพื่อรักษาระดับราคาหลักทรัพย์' and the fs_category property aligns with the input metadata. Therefore, the correct SET Code is 310619 and the item is 'กำไรสะสม - จัดสรรแล้ว สำรองอื่น ๆ'.",งบฐานะการเงิน,ส่วนของเจ้าของ,"[5000000, 5000000, 5000000, 5000000]"
22,สำรองเพื่อขยายกิจการ,310619,กำไรสะสม - จัดสรรแล้ว สำรองอื่น ๆ,"The input item name 'สำรองเพื่อขยายกิจการ' implies retained earnings set aside for business expansion, aligning with the definition of 'กำไรสะสม - จัดสรรแล้ว สำรองอื่น ๆ' (Retained Earnings - Appropriated Other Reserves) in the taxonomy. The taxonomy's explanation stating examples like reserves for expansion confirms this match.",งบฐานะการเงิน,ส่วนของเจ้าของ,"[10000000, 10000000, 10000000, 10000000]"
23,สำรองทั่วไป,310619,กำไรสะสม - จัดสรรแล้ว สำรองอื่น ๆ,"The closest match from the provided taxonomy list is  'กำไรสะสม - จัดสรรแล้ว สำรองอื่น ๆ' with SET Code '310619' because the input item name 'สำรองทั่วไป' implies a general reserve, and this option represents other reserves after specific allocations.",งบฐานะการเงิน,ส่วนของเจ้าของ,"[50000000, 50000000, 50000000, 50000000]"
24,ยังไม่ได้จัดสรร 5.12,310620,กำไร (ขาดทุน) สะสม กำไร (ขาดทุน) สะสม - ยังไม่ได้จัดสรร,The INPUT 'ยังไม่ได้จัดสรร' combined with the provided metadata 'financial_statement_type' and 'fs_category' suggests that this item belongs to the 'ส่วนของเจ้าของ' section in the balance sheet. The closest matching 'item_in_taxonomy' from the context is 'กำไร (ขาดทุน) สะสม กำไร (ขาดทุน) สะสม - ยังไม่ได้จัดสรร'.,งบฐานะการเงิน,ส่วนของเจ้าของ,"[410723981, 468640349, 402172387, 469040578]"
25,องค์ประกอบอื่นของส่วนของเจ้าของ,319900,องค์ประกอบอื่นของส่วนของผู้ถือหุ้น,Found the exact match in item_in_taxonomy with the same fs_category from the Taxonomy list.,งบฐานะการเงิน,ส่วนของเจ้าของ,"[-268195712, -263387897, -154432578, -150695188]"
26,รวมส่วนของบริษัทใหญ่,319999,รวมส่วนของผู้ถือหุ้นของบริษัทใหญ่,"The input name 'รวมส่วนของบริษัทใหญ่' appears in the meaning_of_taxonomy of the Taxonomy list. Thus, the correct SET Code is 319999 and the item in Taxonomy is 'รวมส่วนของผู้ถือหุ้นของบริษัทใหญ่'.",งบฐานะการเงิน,ส่วนของเจ้าของ,"[1126345193, 1189069376, 1231556733, 1302162314]"
27,ส่วนได้เสียที่ไม่มีอำนาจควบคุม,320130,ส่วนได้เสียที่ไม่มีอำนาจควบคุม,"The query 'ส่วนได้เสียที่ไม่มีอำนาจควบคุม' directly matches an item in the taxonomy list with the same name. This item's fs_category is 'ส่วนของผู้ถือหุ้น', which is related to the input metadata 'fs_category' of 'ส่วนของเจ้าของ'.",งบฐานะการเงิน,ส่วนของเจ้าของ,"[56, 55, 0, 0]"
28,รวมส่วนของเจ้าของ,309998,รวมส่วนของผู้ถือหุ้น,"The input name 'รวมส่วนของเจ้าของ' is similar to 'รวมส่วนของผู้ถือหุ้น' and both have the same fs_category 'ส่วนของผู้ถือหุ้น' in the Taxonomy list. Thus, the most relevant mapping is set_code '309998' and item_in_taxonomy 'รวมส่วนของผู้ถือหุ้น'.",งบฐานะการเงิน,ส่วนของเจ้าของ,"[1126345249, 1189069431, 1231556733, 1302162314]"
29,รวมหนี้สินและส่วนของเจ้าของ,309999,รวมหนี้สินและส่วนของผู้ถือหุ้น,"The input query 'รวมหนี้สินและส่วนของเจ้าของ' is very similar to the 'item_in_taxonomy' value 'รวมหนี้สินและส่วนของผู้ถือหุ้น' in the taxonomy list, and the 'fs_category' value matches the input metadata 'fs_category'.",งบฐานะการเงิน,ส่วนของเจ้าของ,"[1606587287, 1683455640, 1710533129, 1795273786]"
30,"ทุนเรือนหุ้น ทุนจดทะเบียน หุ้นสามัญ 125,615,708 หุ้น มูลค่าหุ้นละ 1 บาท",310120,ทุนจดทะเบียน หุ้นสามัญจดทะเบียน,"The input mentions 'ทุนจดทะเบียน หุ้นสามัญ' and 'มูลค่าหุ้นละ' which are related to the meaning of 'ทุนจดทะเบียน หุ้นสามัญจดทะเบียน' in the taxonomy list. Thus, the chosen SET Code and Item in Taxonomy are based on the closest matching meaning.",งบฐานะการเงิน,ส่วนของเจ้าของ,"[125615708, 125615708, 125615708, 125615708]"
31,"ทุนที่ออกและชำระแล้ว หุ้นสามัญ 125,615,708 หุ้น ชำระเต็มมูลค่าแล้ว",310220,ทุนที่ออกและชำระแล้ว หุ้นสามัญชำระแล้ว,The input mentions ทุนที่ออกและชำระแล้ว and หุ้นสามัญ which is similar to this taxonomy item ทุนที่ออกและชำระแล้ว หุ้นสามัญชำระแล้ว.  The fs_category value of ส่วนของผู้ถือหุ้น matched the input metadata fs_category.,งบฐานะการเงิน,ส่วนของเจ้าของ,"[125615708, 125615708, 125615708, 125615708]"
32,กำไรสะสม จัดสรรแล้ว สำรองตามกฎหมาย 5.12,310611,กำไรสะสม - จัดสรรแล้ว สำรองตามกฎหมาย,"The query mentions กำไรสะสม จัดสรรแล้ว and สำรองตามกฎหมาย, which directly corresponds to the item ""กำไรสะสม - จัดสรรแล้ว สำรองตามกฎหมาย"" in the taxonomy. We also confirmed the fs_category value from the context.",งบฐานะการเงิน,ส่วนของเจ้าของ,"[18000000, 18000000, 18000000, 18000000]"
33,รายได้ค่าธรรมเนียมและบริการ,410113,รายได้จากการดำเนินธุรกิจ รายได้ค่าธรรมเนียมและบริการ,"The query 'รายได้ค่าธรรมเนียมและบริการ' is an exact match with the 'item_in_taxonomy' field in the taxonomy list. Thus, the selected SET code and item in taxonomy are derived from this matching entry.",งบกำไรขาดทุนเบ็ดเสร็จ,รายได้,"[344685337, 272418106.0, 344692347, 272425115]"
34,รายได้ดอกเบี้ย,410108,รายได้ดอกเบี้ย,"The query 'รายได้ดอกเบี้ย' is a type of รายได้, and it's found in the taxonomy list with the matching fs_category and financial_statement_type in the input metadata.",งบกำไรขาดทุนเบ็ดเสร็จ,รายได้,"[4218644, 4386495.0, 1399613, 1416061]"
35,กำไรและผลตอบแทนจากเครื่องมือทางการเงิน,430100,กำไร (ขาดทุน) และผลตอบแทนจากเครื่องมือทางการเงิน,The best match from taxonomy based on the query's name and financial_statement_type is งบกำไรขาดทุนเบ็ดเสร็จ is กำไร (ขาดทุน) และผลตอบแทนจากเครื่องมือทางการเงิน,งบกำไรขาดทุนเบ็ดเสร็จ,รายได้,"[12596817, 6212326.0, 9439666, 4193503]"
36,รายได้อื่น,410200,รายได้อื่น,"Financial statement type is งบกำไรขาดทุนเบ็ดเสร็จ, thus financial_statement_type is PL.  The input query รายได้อื่น matched with item_in_taxonomy รายได้อื่น in the Taxonomy list. ",งบกำไรขาดทุนเบ็ดเสร็จ,รายได้,"[66962, 158614.0, 66961, 158614]"
37,รวมรายได้,419999,รวมรายได้,"The query 'รวมรายได้' is a close match to the item 'รวมรายได้' in the taxonomy list, and both have 'รายได้' as the fs_category. Thus, 'รวมรายได้' is selected as the appropriate item.",งบกำไรขาดทุนเบ็ดเสร็จ,รายได้,"[361567760, 283175541.0, 355598587, 278193293]"
38,ค่าใช้จ่ายผลประโยชน์พนักงาน,422400,ค่าใช้จ่ายผลประโยชน์พนักงาน,The input item name ค่าใช้จ่ายผลประโยชน์พนักงาน  matches exactly with item_in_taxonomy  ค่าใช้จ่ายผลประโยชน์พนักงาน in the Taxonomy list. And the financial_statement_type งบกำไรขาดทุนเบ็ดเสร็จ is also matched with PL.,งบกำไรขาดทุนเบ็ดเสร็จ,ค่าใช้จ่าย,"[139986141, 130785592.0, 139986141, 130785592]"
39,ค่าธรรมเนียมและบริการจ่าย,422200,ค่าธรรมเนียมและบริการจ่าย,"The INPUT 'ค่าธรรมเนียมและบริการจ่าย' matched with item_in_taxonomy '""ค่าธรรมเนียมและบริการจ่าย""' in the Taxonomy list.  The value of fs_category from the Taxonomy list is 'กำไรขาดทุน' which is related to 'ค่าใช้จ่าย' from the INPUT METADATA.",งบกำไรขาดทุนเบ็ดเสร็จ,ค่าใช้จ่าย,"[100135098, 51744606.0, 100135099, 51744606]"
40,ค่าใช้จ่ายดอกเบี้ย,429900,ค่าใช้จ่ายดอกเบี้ย,"The input item name ค่าใช้จ่ายดอกเบี้ย  can be found in the Taxonomy list with the same name.  The input metadata financial_statement_type งบกำไรขาดทุนเบ็ดเสร็จ is mapped to PL. And the input metadata fs_category is ค่าใช้จ่าย, which is matched to fs_category in the Taxonomy list.",งบกำไรขาดทุนเบ็ดเสร็จ,ค่าใช้จ่าย,"[1780673, 408976.0, 1780672, 408976]"
41,ค่าใช้จ่ายอื่น,429800,ค่าใช้จ่ายอื่น,"The input item name is ค่าใช้จ่ายอื่น and financial_statement_type is งบกำไรขาดทุนเบ็ดเสร็จ, fs_category is ค่าใช้จ่าย.  The Taxonomy list item with item_in_taxonomy  as ค่าใช้จ่ายอื่น  and financial_statement_type as PL and fs_category as กำไรขาดทุน  is the closest match.",งบกำไรขาดทุนเบ็ดเสร็จ,ค่าใช้จ่าย,"[41198336, 42971084.0, 41151546, 42922075]"
42,รวมค่าใช้จ่าย,429999,รวมค่าใช้จ่าย,The Input 'รวมค่าใช้จ่าย' exists in the Taxonomy list with the same fs_category and financial_statement_type in the Input Metadata. ,งบกำไรขาดทุนเบ็ดเสร็จ,ค่าใช้จ่าย,"[283100248, 225910258.0, 283053458, 225861249]"
43,กำไรก่อนภาษีเงินได้,409994,กำไร (ขาดทุน) ก่อนภาษีเงินได้,"The input FS category is กำไรก่อนภาษีเงินได้ and matched to fs_category in the Taxonomy list. Then, the set_code and item_in_taxonomy are extracted from the matched item in the Taxonomy list.",งบกำไรขาดทุนเบ็ดเสร็จ,กำไรก่อนภาษีเงินได้,"[78467512, 57265283.0, 72545129, 52332044]"
44,ภาษีเงินได้,449900,ภาษีเงินได้ของรายการที่จะจัดประเภทรายการใหม่เข้าไปไว้ในกำไรหรือขาดทุนในภายหลัง,"The input financial report line item name is ภาษีเงินได้ and financial_statement_type is งบกำไรขาดทุนเบ็ดเสร็จ, fs_category is ภาษีเงินได้.  The most relevant item in the Taxonomy list considering the input financial report line item name and financial statement type is ภาษีเงินได้ของรายการที่จะจัดประเภทรายการใหม่เข้าไปไว้ในกำไรหรือขาดทุนในภายหลัง with SET Code 449900",งบกำไรขาดทุนเบ็ดเสร็จ,ภาษีเงินได้,"[14217391, 9859467.0, 13197264, 9071986]"
45,กำไรสำหรับงวด,409991,กำไร (ขาดทุน) สุทธิ สำหรับงวด / กำไร (ขาดทุน) จากการดำเนินงานต่อเนื่อง,The input name  'กำไรสำหรับงวด'  appears in the meaning of taxonomy of 'กำไร (ขาดทุน) สุทธิ สำหรับงวด / กำไร (ขาดทุน) จากการดำเนินงานต่อเนื่อง' and the financial_statement_type and fs_category matched to the context.,งบกำไรขาดทุนเบ็ดเสร็จ,กำไรสำหรับงวด,"[64250121, 47405816.0, 59347865, 43260058]"
46,ขาดทุนจากเงินลงทุนในตราสารทุนที่กำหนดให้วัดมูลค่าด้วยมูลค่ายุติธรรมผ่านกำไรขาดทุนเบ็ดเสร็จอื่น,450200,กำไร (ขาดทุน) จากการวัดมูลค่าเงินลงทุนในตราสารทุนด้วยมูลค่ายุติธรรมผ่านกำไรขาดทุนเบ็ดเสร็จอื่น,"The query mentions measurement of equity instruments at fair value through OCI, which matches the definition of 'กำไร (ขาดทุน) จากการวัดมูลค่าเงินลงทุนในตราสารทุนด้วยมูลค่ายุติธรรมผ่านกำไรขาดทุนเบ็ดเสร็จอื่น'.",งบกำไรขาดทุนเบ็ดเสร็จ,กำไร(ขาดทุน)เบ็ดเสร็จอื่น: รายการที่จะไม่ถูกจัดประเภทรายการใหม่เข้าไปไว้ในกำไรหรือขาดทุนในภายหลัง,"[-11451597, -17963154.0, -13556962, -4570813]"
47,ภาษีเงินได้ของรายการที่จะไม่ถูกจัดประเภทรายการใหม่เข้าไปไว้ในกำไรหรือขาดทุนในภายหลัง,459900,ภาษีเงินได้ของรายการที่จะไม่ถูกจัดประเภทรายการใหม่เข้าไปไว้ในกำไรหรือขาดทุนในภายหลัง,"fs_category from INPUT METADATA matches fs_category from the Taxonomy list.  Therefore, the correct SET Code is 459900 and Item in Taxonomy is ภาษีเงินได้ของรายการที่จะไม่ถูกจัดประเภทรายการใหม่เข้าไปไว้ในกำไรหรือขาดทุนในภายหลัง",งบกำไรขาดทุนเบ็ดเสร็จ,ภาษีเงินได้ของรายการที่จะไม่ถูกจัดประเภทรายการใหม่เข้าไปไว้ในกำไรหรือขาดทุนในภายหลัง,"[2290319, 3592631.0, 2711392, 914163]"
48,รวมรายการที่จะไม่ถูกจัดประเภทรายการใหม่เข้าไปไว้ในกำไรหรือขาดทุนในภายหลัง - สุทธิจากภาษี,459900,ภาษีเงินได้ของรายการที่จะไม่จัดประเภทรายการใหม่เข้าไปไว้ในกำไรหรือขาดทุนในภายหลัง,"The input query and financial_statement_type in metadata match the fs_category and financial_statement_type in the Taxonomy list. Therefore, the SET Code and Item in Taxonomy are from the same item in the Taxonomy list.",งบกำไรขาดทุนเบ็ดเสร็จ,รวมรายการที่จะไม่ถูกจัดประเภทรายการใหม่เข้าไปไว้ในกำไรหรือขาดทุนในภายหลัง - สุทธิจากภาษี,"[-9161278, -14370523.0, -10845570, -3656650]"
49,ขาดทุนเบ็ดเสร็จอื่นรวม - สุทธิจากภาษี,409998,กำไร (ขาดทุน) เบ็ดเสร็จอื่น - สุทธิจากภาษี,"The input query 'ขาดทุนเบ็ดเสร็จอื่นรวม - สุทธิจากภาษี' and financial_statement_type is งบกำไรขาดทุนเบ็ดเสร็จ, fs_category is ขาดทุนเบ็ดเสร็จอื่นรวม - สุทธิจากภาษี.  can be mapped to 'กำไร (ขาดทุน) เบ็ดเสร็จอื่น - สุทธิจากภาษี' in the taxonomy list, leading to the selection of SET Code '409998'.",งบกำไรขาดทุนเบ็ดเสร็จ,ขาดทุนเบ็ดเสร็จอื่นรวม - สุทธิจากภาษี,"[-9161278, -14370523.0, -10845570, -3656650]"
50,กำไรเบ็ดเสร็จรวมสำหรับงวด,409999,กำไร (ขาดทุน) เบ็ดเสร็จรวม สำหรับงวด,The query 'กำไรเบ็ดเสร็จรวมสำหรับงวด' is an exact match to the item_in_taxonomy 'กำไร (ขาดทุน) เบ็ดเสร็จรวม สำหรับงวด' in the taxonomy list.  The financial statement type is 'งบกำไรขาดทุนเบ็ดเสร็จ' which is also a match.,งบกำไรขาดทุนเบ็ดเสร็จ,กำไรเบ็ดเสร็จรวมสำหรับงวด,"[55088843, 33035293.0, 48502295, 39603408]"
51,ส่วนที่เป็นของบริษัทใหญ่,470100,การแบ่งปันกำไร (ขาดทุน) เบ็ดเสร็จรวม : ผู้ถือหุ้นบริษัทใหญ่,"The query mentions ""ส่วนที่เป็นของบริษัทใหญ่"" (Portion attributable to the parent company), and the input metadata specifies  'fs_category'  as  'การแบ่งปันกำไรสำหรับงวด' (Profit sharing for the period). In the provided taxonomy list, the item 'การแบ่งปันกำไร (ขาดทุน) เบ็ดเสร็จรวม : ผู้ถือหุ้นบริษัทใหญ่' (Total Comprehensive Income (Expense) Attributable To: Owners Of The Parent) aligns with both the query and the input metadata. Therefore, this item is the most appropriate match.",งบกำไรขาดทุนเบ็ดเสร็จ,การแบ่งปันกำไรสำหรับงวด,"[64250121, 47405816.0, 59347865, 43260058]"
52,ส่วนที่เป็นของส่วนได้ส่วนเสียที่ไม่มีอำนาจควบคุม,470200,การแบ่งปันกำไร (ขาดทุน) เบ็ดเสร็จรวม การแบ่งปันกำไร (ขาดทุน) เบ็ดเสร็จรวม : ส่วนได้เสียที่ไม่มีอำนาจควบคุม,"The query mentions 'ส่วนที่เป็นของส่วนได้ส่วนเสียที่ไม่มีอำนาจควบคุม' (Non-Controlling Interests) and the input metadata specifies 'งบกำไรขาดทุนเบ็ดเสร็จ' (Statement of Comprehensive Income) and 'การแบ่งปันกำไรสำหรับงวด' (Profit Sharing for the Period). Thus, the closest match in the taxonomy list is 'การแบ่งปันกำไร (ขาดทุน) เบ็ดเสร็จรวม การแบ่งปันกำไร (ขาดทุน) เบ็ดเสร็จรวม : ส่วนได้เสียที่ไม่มีอำนาจควบคุม' (Total Comprehensive Income (Expense) Attributable To : Total Comprehensive Income (Expense) Attributable To : Non-Controlling Interests).",งบกำไรขาดทุนเบ็ดเสร็จ,การแบ่งปันกำไรสำหรับงวด,"[0, 0.0, 0, 0]"
53,ส่วนที่เป็นของบริษัทใหญ่,470100,การแบ่งปันกำไร (ขาดทุน) เบ็ดเสร็จรวม : ผู้ถือหุ้นบริษัทใหญ่,"The input query ""ส่วนที่เป็นของบริษัทใหญ่"" matches the meaning_of_taxonomy field in the Taxonomy list where financial_statement_type is งบกำไรขาดทุนเบ็ดเสร็จ and fs_category is การแบ่งปันกำไรเบ็ดเสร็จรวมสำหรับงวด.",งบกำไรขาดทุนเบ็ดเสร็จ,การแบ่งปันกำไรเบ็ดเสร็จรวมสำหรับงวด,"[55088843, 33035293.0, 48502295, 39603408]"
54,กำไรต่อหุ้นขั้นพื้นฐาน,480100,กำไร (ขาดทุน) ต่อหุ้นขั้นพื้นฐาน (บาท/หุ้น),"The input query 'กำไรต่อหุ้นขั้นพื้นฐาน' combined with the input metadata 'fs_category' with value equal to 'กำไรต่อหุ้น' matches the meaning of taxonomy and item in taxonomy 'กำไร (ขาดทุน) ต่อหุ้นขั้นพื้นฐาน (บาท/หุ้น)' in the taxonomy list. Thus, the set code selected is '480100'.",งบกำไรขาดทุนเบ็ดเสร็จ,กำไรต่อหุ้น,"[0.51, 0.38, 0.47, 0.34]"
55,จำนวนหุ้นสามัญถัวเฉลี่ยถ่วงน้ำหนัก (หุ้น),480100,กำไร (ขาดทุน) ต่อหุ้นขั้นพื้นฐาน (บาท/หุ้น),"The input name ""จำนวนหุ้นสามัญถัวเฉลี่ยถ่วงน้ำหนัก (หุ้น)"" relates to the calculation of basic earnings per share, and the input metadata specifies both 'financial_statement_type' as 'งบกำไรขาดทุนเบ็ดเสร็จ' and 'fs_category' as 'กำไรต่อหุ้น'. Therefore, the most relevant item in the taxonomy is 'กำไร (ขาดทุน) ต่อหุ้นขั้นพื้นฐาน (บาท/หุ้น)' with SET Code '480100'.",งบกำไรขาดทุนเบ็ดเสร็จ,กำไรต่อหุ้น,"[125615708, 125615708.0, 125615708, 125615708]"
56,รายได้ค่าธรรมเนียมและบริการ,410113,รายได้จากการดำเนินธุรกิจ รายได้ค่าธรรมเนียมและบริการ,The query 'รายได้ค่าธรรมเนียมและบริการ' is an exact match to the item_in_taxonomy 'รายได้จากการดำเนินธุรกิจ รายได้ค่าธรรมเนียมและบริการ' in the taxonomy list. The fs_category of both query and matched taxonomy item is 'รายได้'.,งบกำไรขาดทุนเบ็ดเสร็จ,รายได้,"[632939145, 564623738.0, 632953164, 564637757]"
57,รายได้ดอกเบี้ย,410108,รายได้ดอกเบี้ย,"The input item name is รายได้ดอกเบี้ย and the financial_statement_type is งบกำไรขาดทุนเบ็ดเสร็จ, fs_category is รายได้.  The most relevant item in the Taxonomy list is รายได้ดอกเบี้ย with set code 410108 because the item_in_taxonomy matched with the input query and financial_statement_type and fs_category.",งบกำไรขาดทุนเบ็ดเสร็จ,รายได้,"[8264962, 8249357.0, 2322770, 2412732]"
58,กำไรและผลตอบแทนจากเครื่องมือทางการเงิน,430100,กำไร (ขาดทุน) และผลตอบแทนจากเครื่องมือทางการเงิน,The query matches the closest meaning to  กำไร (ขาดทุน) และผลตอบแทนจากเครื่องมือทางการเงิน in the provided taxonomy list. And the financial_statement_type is matched with งบกำไรขาดทุนเบ็ดเสร็จ.,งบกำไรขาดทุนเบ็ดเสร็จ,รายได้,"[18173859, 9710000.0, 13241345, 6533731]"
59,รายได้อื่น,410200,รายได้อื่น,"The query matches the item_in_taxonomy ""รายได้อื่น"" in the Taxonomy list. And the fs_category of this item is related to รายได้.",งบกำไรขาดทุนเบ็ดเสร็จ,รายได้,"[157753, 1974027.0, 157752, 1974028]"
60,รวมรายได้,419999,รวมรายได้,"The input query's fs_category is รายได้.  Found the item_in_taxonomy  ""รวมรายได้"" with the same fs_category. Thus, the set code is 419999.",งบกำไรขาดทุนเบ็ดเสร็จ,รายได้,"[659535719, 584557122.0, 648675031, 575558248]"
61,ค่าใช้จ่ายผลประโยชน์พนักงาน,422400,ค่าใช้จ่ายผลประโยชน์พนักงาน,"The input 'ค่าใช้จ่ายผลประโยชน์พนักงาน' is a financial report line item name. 
The input metadata 'financial_statement_type' is 'งบกำไรขาดทุนเบ็ดเสร็จ' which means 'Statement of Comprehensive Income', so 'financial_statement_type' is 'PL'.
The input metadata 'fs_category' is 'ค่าใช้จ่าย'.

Based on this information, the most relevant item in the taxonomy list is:
{'fs_category': 'กำไรขาดทุน', 'data_type': 'N', 'set_code': '422400', 'form_no': 'F3', 'financial_statement_type': 'PL', 'item_in_taxonomy_en': 'Employee Benefit Expenses', 'mandatory_mapping': 'N', 'meaning_of_taxonomy': 'หมายถึง ค่าตอบอทนที่จ่ายให้พนักงานและลูกจ้าง เช่นเงินเดือน ค่าจ้าง ค่าล่วงเวลา โบนัส เงินบำหน็จ เงินเพิ่มค่าครองชีพ ค่าสวัสดิการ เงินสมทบของบริษัทหลักทรัพย์ที่ต้องจ่ายเข้ากองทุนสำรองเลี้ยงชีพ ภาษีเงินได้ที่บริษัทออกให้ เป็นต้น ทั้งนี้ ให้รวมถึงค่าตอบแทนกรรมการด้วย', 'item_in_taxonomy': 'ค่าใช้จ่ายผลประโยชน์พนักงาน', 'symbol': '23'}

Therefore, the SET Code is '422400' and the Item in Taxonomy is 'ค่าใช้จ่ายผลประโยชน์พนักงาน'.",งบกำไรขาดทุนเบ็ดเสร็จ,ค่าใช้จ่าย,"[278662952, 259605817.0, 278662952, 259605817]"
62,ค่าธรรมเนียมและบริการจ่าย,422200,ค่าธรรมเนียมและบริการจ่าย,"The query 'ค่าธรรมเนียมและบริการจ่าย' directly matches the 'item_in_taxonomy' field in the provided taxonomy list. The 'fs_category' is 'กำไรขาดทุน', but the instruction mentions using 'item_in_taxonomy' instead of 'fs_category' in this case. Therefore, the selected SET code is '422200' and the item is 'ค่าธรรมเนียมและบริการจ่าย'.",งบกำไรขาดทุนเบ็ดเสร็จ,ค่าใช้จ่าย,"[162006861, 117322562.0, 162006861, 117322562]"
63,ค่าใช้จ่ายดอกเบี้ย,429900,ค่าใช้จ่ายดอกเบี้ย,"The input 'ค่าใช้จ่ายดอกเบี้ย' matches exactly with 'ค่าใช้จ่ายดอกเบี้ย' in the Taxonomy list. Also, financial_statement_type and fs_category matched.",งบกำไรขาดทุนเบ็ดเสร็จ,ค่าใช้จ่าย,"[3473564, 900662.0, 3473564, 900662]"
64,ค่าใช้จ่ายอื่น,429800,ค่าใช้จ่ายอื่น,"The input item name is ค่าใช้จ่ายอื่น and financial_statement_type is งบกำไรขาดทุนเบ็ดเสร็จ, fs_category is ค่าใช้จ่าย.  The Taxonomy list item with item_in_taxonomy  as 'ค่าใช้จ่ายอื่น' and financial_statement_type as 'PL' is the most relevant match.",งบกำไรขาดทุนเบ็ดเสร็จ,ค่าใช้จ่าย,"[76168140, 78178203.0, 76071640, 78082104]"
65,รวมค่าใช้จ่าย,429999,รวมค่าใช้จ่าย,The input query 'รวมค่าใช้จ่าย' and financial_statement_type 'งบกำไรขาดทุนเบ็ดเสร็จ'  can be matched with item 'รวมค่าใช้จ่าย' in the taxonomy list. ,งบกำไรขาดทุนเบ็ดเสร็จ,ค่าใช้จ่าย,"[520311517, 456007244.0, 520215017, 455911145]"
66,กำไรก่อนภาษีเงินได้,409994,กำไร (ขาดทุน) ก่อนภาษีเงินได้,"The query 'กำไรก่อนภาษีเงินได้' is related to fs_category 'กำไรก่อนภาษีเงินได้' in the taxonomy list. Thus, the appropriate SET Code is 409994 and Item in Taxonomy is กำไร (ขาดทุน) ก่อนภาษีเงินได้.",งบกำไรขาดทุนเบ็ดเสร็จ,กำไรก่อนภาษีเงินได้,"[139224202, 128549878.0, 128460014, 119647103]"
67,ภาษีเงินได้,439800,ภาษีเงินได้,"The query ""ภาษีเงินได้"" and financial_statement_type งบกำไรขาดทุนเบ็ดเสร็จ  directly match with the item_in_taxonomy ภาษีเงินได้ in the taxonomy list. Thus, the set_code 439800 is selected.",งบกำไรขาดทุนเบ็ดเสร็จ,ภาษีเงินได้,"[25719361, 24734962.0, 23906997, 23263667]"
68,กำไรสำหรับงวด,409991,กำไร (ขาดทุน) สุทธิ สำหรับงวด / กำไร (ขาดทุน) จากการดำเนินงานต่อเนื่อง,"The input query 'กำไรสำหรับงวด' is a general term for profit, and the input metadata specifies 'fs_category' as 'กำไรสำหรับงวด' in the context of 'งบกำไรขาดทุนเบ็ดเสร็จ'. The closest matching item in the taxonomy list is 'กำไร (ขาดทุน) สุทธิ สำหรับงวด / กำไร (ขาดทุน) จากการดำเนินงานต่อเนื่อง' with set code '409991'.",งบกำไรขาดทุนเบ็ดเสร็จ,กำไรสำหรับงวด,"[113504841, 103814916.0, 104553017, 96383436]"
69,กำไร(ขาดทุน)จากเงินลงทุนในตราสารทุนที่กำหนดให้วัดมูลค่า ด้วยมูลค่ายุติธรรมผ่านกำไรขาดทุนเบ็ดเสร็จอื่น,450200,กำไร (ขาดทุน) จากการวัดมูลค่าเงินลงทุนในตราสารทุนด้วยมูลค่ายุติธรรมผ่านกำไรขาดทุนเบ็ดเสร็จอื่น,"The query mentions measurements of investments at fair value through other comprehensive income, aligning with the definition of 'กำไร (ขาดทุน) จากการวัดมูลค่าเงินลงทุนในตราสารทุนด้วยมูลค่ายุติธรรมผ่านกำไรขาดทุนเบ็ดเสร็จอื่น'.",งบกำไรขาดทุนเบ็ดเสร็จ,กำไร(ขาดทุน)เบ็ดเสร็จอื่น: รายการที่จะไม่ถูกจัดประเภทรายการใหม่เข้าไปไว้ในกำไรหรือขาดทุนในภายหลัง,"[-6009768, -10337461.0, -4671737, 3165455]"
70,ภาษีเงินได้ของรายการที่จะไม่ถูกจัดประเภทรายการใหม่ เข้าไปไว้ในกำไรหรือขาดทุนในภายหลัง,459900,ภาษีเงินได้ของรายการที่จะไม่จัดประเภทรายการใหม่เข้าไปไว้ในกำไรหรือขาดทุนในภายหลัง,"From the Taxonomy list, fs_category กำไรขาดทุนเบ็ดเสร็จอื่น-ไม่จัดประเภทในภายหลัง  and item_in_taxonomy ภาษีเงินได้ของรายการที่จะไม่จัดประเภทรายการใหม่เข้าไปไว้ในกำไรหรือขาดทุนในภายหลัง matched with the input ภาษีเงินได้ของรายการที่จะไม่ถูกจัดประเภทรายการใหม่ เข้าไปไว้ในกำไรหรือขาดทุนในภายหลัง. Thus, the correct set_code is 459900 and item_in_taxonomy is ภาษีเงินได้ของรายการที่จะไม่จัดประเภทรายการใหม่เข้าไปไว้ในกำไรหรือขาดทุนในภายหลัง",งบกำไรขาดทุนเบ็ดเสร็จ,ภาษีเงินได้ของรายการที่จะไม่ถูกจัดประเภทรายการใหม่ เข้าไปไว้ในกำไรหรือขาดทุนในภายหลัง,"[1201953, 2067492.0, 934347, -633091]"
71,รวมรายการที่จะไม่ถูกจัดประเภทรายการใหม่ เข้าไปไว้ในกำไรหรือขาดทุนในภายหลัง - สุทธิจากภาษี,459900,ภาษีเงินได้ของรายการที่จะไม่จัดประเภทรายการใหม่เข้าไปไว้ในกำไรหรือขาดทุนในภายหลัง,"The input fs_category is  'รวมรายการที่จะไม่ถูกจัดประเภทรายการใหม่ เข้าไปไว้ในกำไรหรือขาดทุนในภายหลัง - สุทธิจากภาษี' which is related to 'กำไรขาดทุนเบ็ดเสร็จอื่น-ไม่จัดประเภทในภายหลัง' in the Taxonomy list. Thus, the correct set_code is 459900 and item_in_taxonomy is 'ภาษีเงินได้ของรายการที่จะไม่จัดประเภทรายการใหม่เข้าไปไว้ในกำไรหรือขาดทุนในภายหลัง'.",งบกำไรขาดทุนเบ็ดเสร็จ,รวมรายการที่จะไม่ถูกจัดประเภทรายการใหม่ เข้าไปไว้ในกำไรหรือขาดทุนในภายหลัง - สุทธิจากภาษี,"[-4807815, -8269969.0, -3737390, 2532364]"
72,กำไร(ขาดทุน)เบ็ดเสร็จอื่น - สุทธิจากภาษี,409998,กำไร (ขาดทุน) เบ็ดเสร็จอื่น - สุทธิจากภาษี,"The input line item name is กำไร(ขาดทุน)เบ็ดเสร็จอื่น - สุทธิจากภาษี and financial_statement_type is งบกำไรขาดทุนเบ็ดเสร็จ,  fs_category is กำไร(ขาดทุน)เบ็ดเสร็จอื่น - สุทธิจากภาษี.  The Taxonomy list item with item_in_taxonomy as กำไร (ขาดทุน) เบ็ดเสร็จอื่น - สุทธิจากภาษี, fs_category as กำไรขาดทุนเบ็ดเสร็จอื่น and financial_statement_type as PL matches the input query and metadata. ",งบกำไรขาดทุนเบ็ดเสร็จ,กำไร(ขาดทุน)เบ็ดเสร็จอื่น - สุทธิจากภาษี,"[-4807815, -8269969.0, -3737390, 2532364]"
73,กำไรเบ็ดเสร็จรวมสำหรับงวด,409999,กำไร (ขาดทุน) เบ็ดเสร็จรวม สำหรับงวด,"The query 'กำไรเบ็ดเสร็จรวมสำหรับงวด' is related to fs_category 'กำไรเบ็ดเสร็จรวมสำหรับงวด'.  Thus, the SET Code should be '409999' and Item in Taxonomy should be 'กำไร (ขาดทุน) เบ็ดเสร็จรวม สำหรับงวด'.",งบกำไรขาดทุนเบ็ดเสร็จ,กำไรเบ็ดเสร็จรวมสำหรับงวด,"[108697026, 95544947.0, 100815627, 98915800]"
74,ค่าเสื่อมราคาและรายจ่ายตัดบัญชี,510300,ค่าเสื่อมราคาและค่าตัดจำหน่าย,The query \,งบกระแสเงินสด,กระแสเงินสดจากกิจกรรมดำเนินงาน,"[26781046, 25414073.0, 26781046, 25414073.0]"
75,กำไรขาดทุนจากการเปลี่ยนแปลงในมูลค่ายุติธรรมในเงินลงทุน,null,null,There is no item in the taxonomy list that matches the query and satisfies the condition that the fs_category property should be related to กระแสเงินสดจากกิจกรรมดำเนินงาน.,งบกระแสเงินสด,กระแสเงินสดจากกิจกรรมดำเนินงาน,"[697955, -276607.0, 814903, -322380.0]"
76,กำไรจากการขายเงินลงทุน,null,null,"The input line item's financial statement type is งบกระแสเงินสด and fs_category is กระแสเงินสดจากกิจกรรมดำเนินงาน. However, there is no matching item in the taxonomy list with the same fs_category. Therefore, we cannot identify the appropriate SET Code and Item in Taxonomy.",งบกระแสเงินสด,กระแสเงินสดจากกิจกรรมดำเนินงาน,"[-2386431, -109498.0, -2386431, 0.0]"
77,ขาดทุนจากการด้อยค่าและตัดจำหน่ายสินทรัพย์,511620,((กำไร) ขาดทุนจากการขายและตัดจำหน่ายสินทรัพย์อื่น ขาดทุนจากการตัดจำหน่ายสินทรัพย์อื่น,The most relevant item from the taxonomy list is chosen because the input mentions  'ขาดทุนจากการด้อยค่าและตัดจำหน่ายสินทรัพย์' and the meaning in the closest taxonomy item mention 'บางครั้งใช้ขื่อว่า ขาดทุนจากการด้อยค่าและตัดจำหน่ายสินทรัพย์ '.  The selected item's fs_category is 'กิจกรรมดำเนินงาน' which is related to the input metadata 'กระแสเงินสดจากกิจกรรมดำเนินงาน'.,งบกระแสเงินสด,กระแสเงินสดจากกิจกรรมดำเนินงาน,"[79183, 12.0, 79173, 2.0]"
78,ประมาณการหนี้สินสำหรับผลประโยชน์พนักงาน,518700,ประมาณการหนี้สินผลประโยชน์พนักงาน เพิ่มขึ้น (ลดลง),"The query mentions ""ประมาณการหนี้สินสำหรับผลประโยชน์พนักงาน"" and the input metadata specifies 'financial_statement_type' as 'งบกระแสเงินสด' and 'fs_category' as 'กระแสเงินสดจากกิจกรรมดำเนินงาน'. This closely matches the 'item_in_taxonomy' value 'ประมาณการหนี้สินผลประโยชน์พนักงาน เพิ่มขึ้น (ลดลง)' and its associated 'set_code' '518700' within the provided context.",งบกระแสเงินสด,กระแสเงินสดจากกิจกรรมดำเนินงาน,"[6390156, 6084499.0, 6390156, 6084499.0]"
79,รายได้ดอกเบี้ย,514720,เงินปันผลและดอกเบี้ยรับ รายได้ดอกเบี้ย,"The input item name 'รายได้ดอกเบี้ย' matches exactly with  'เงินปันผลและดอกเบี้ยรับ รายได้ดอกเบี้ย' in the taxonomy list.  The financial statement type 'งบกระแสเงินสด' matches 'CF', and the fs_category 'กระแสเงินสดจากกิจกรรมดำเนินงาน' matches 'กิจกรรมดำเนินงาน'.",งบกระแสเงินสด,กระแสเงินสดจากกิจกรรมดำเนินงาน,"[-8264962, -8249357.0, -2322770, -2412732.0]"
80,เงินปันผลรับ,519700,รับเงินปันผล,"The input item name is เงินปันผลรับ and financial_statement_type is งบกระแสเงินสด, fs_category is กระแสเงินสดจากกิจกรรมดำเนินงาน.  The Taxonomy list item with  fs_category  related to กระแสเงินสดจากกิจกรรมดำเนินงาน and the closest matching item_in_taxonomy is รับเงินปันผล with set_code 519700",งบกระแสเงินสด,กระแสเงินสดจากกิจกรรมดำเนินงาน,"[-16485383, -9323895.0, -11669817, -6211351.0]"
81,กำไรจากการดำเนินงานก่อนการเปลี่ยนแปลงในสินทรัพย์และหนี้สินดำเนินงาน,519997,เงินสดได้มาจาก (ใช้ไปใน) การดำเนินงานก่อนการเปลี่ยนแปลงในสินทรัพย์และหนี้สินดำเนินงาน,"The query \""กำไรจากการดำเนินงานก่อนการเปลี่ยนแปลงในสินทรัพย์และหนี้สินดำเนินงาน\"" best matches the item \""เงินสดได้มาจาก (ใช้ไปใน) การดำเนินงานก่อนการเปลี่ยนแปลงในสินทรัพย์และหนี้สินดำเนินงาน\"" in the taxonomy list. This is because the fs_category property of this item is \""กิจกรรมดำเนินงาน\"" which is related to the input metadata fs_category \""กระแสเงินสดจากกิจกรรมดำเนินงาน\"".",งบกระแสเงินสด,กระแสเงินสดจากกิจกรรมดำเนินงาน,"[149509330, 142989767.0, 149619838, 143099876.0]"
82,รายได้ค่าธรรมเนียมและบริการค้างรับจากธุรกิจจัดการลงทุน,515700,รายได้ค่าธรรมเนียมและบริการค้างรับจากธุรกิจจัดการลงทุน (เพิ่มขึ้น) ลดลง,"The query matches the meaning_of_taxonomy field in the Taxonomy list. Thus, the correct SET Code and Item in Taxonomy are extracted from the matched item in the Taxonomy list.",งบกระแสเงินสด,กระแสเงินสดจากกิจกรรมดำเนินงาน,"[-18731552, -10190248.0, -18731552, -10190248.0]"
83,เงินลงทุนที่ไม่ได้วางเป็นประกัน,516100,เงินลงทุนตามวิธีมูลค่ายุติธรรมผ่านกำไรหรือขาดทุนที่ไม่ได้วางเป็นหลักประกัน (เพิ่มขึ้น) ลดลง,"The input mentions เงินลงทุนที่ไม่ได้วางเป็นประกัน and financial_statement_type is งบกระแสเงินสด, fs_category is กระแสเงินสดจากกิจกรรมดำเนินงาน. The most relevant item in the taxonomy list is  เงินลงทุนตามวิธีมูลค่ายุติธรรมผ่านกำไรหรือขาดทุนที่ไม่ได้วางเป็นหลักประกัน (เพิ่มขึ้น) ลดลง with set code 516100, as its meaning contains เงินลงทุนตามวิธีมูลค่ายุติธรรมผ่านกำไรหรือขาดทุนที่ไม่ได้วางเป็นหลักประกัน เพิ่มขึ้นหรือลดลง บางครั้งใช้ขื่อว่า เงินลงทุนที่ไม่ได้วางเป็นประกัน  which closely matches the input query.",งบกระแสเงินสด,กระแสเงินสดจากกิจกรรมดำเนินงาน,"[55060391, 171487949.0, 51647854, 172899708.0]"
84,เงินลงทุนที่วางเป็นประกัน,516100,เงินลงทุนตามวิธีมูลค่ายุติธรรมผ่านกำไรหรือขาดทุนที่ไม่ได้วางเป็นหลักประกัน (เพิ่มขึ้น) ลดลง,The INPUT's fs_category is กระแสเงินสดจากกิจกรรมดำเนินงาน.  The closest item in taxonomy with  fs_category  related to กระแสเงินสดจากกิจกรรมดำเนินงาน is เงินลงทุนตามวิธีมูลค่ายุติธรรมผ่านกำไรหรือขาดทุนที่ไม่ได้วางเป็นหลักประกัน (เพิ่มขึ้น) ลดลง with set_code 516100,งบกระแสเงินสด,กระแสเงินสดจากกิจกรรมดำเนินงาน,"[0, 1160000.0, 0, 1160000.0]"
85,สินทรัพย์อื่น,516600,สินทรัพย์ดำเนินงานอื่น (เพิ่มขึ้น) ลดลง,"The input 'สินทรัพย์อื่น' matches the meaning of taxonomy 'สินทรัพย์ดำเนินงานอื่น เพิ่มขึ้นหรือลดลงสินทรัพย์อื่น เพิ่มขึ้น หรือลดลง' in the taxonomy list. Thus, the set code is '516600' and the item in taxonomy is 'สินทรัพย์ดำเนินงานอื่น (เพิ่มขึ้น) ลดลง'.",งบกระแสเงินสด,กระแสเงินสดจากกิจกรรมดำเนินงาน,"[-747937, 74234.0, -795550, 26653.0]"
86,จ่ายชำระหนี้สินสำหรับผลประโยชน์พนักงาน,514910,ค่าใช้จ่ายผลประโยชน์พนักงาน,The INPUT METADATA states that fs_category is กระแสเงินสดจากกิจกรรมดำเนินงาน. The closest match in the Taxonomy list with the same fs_category and a relevant meaning is 'ค่าใช้จ่ายผลประโยชน์พนักงาน' with SET Code '514910'.,งบกระแสเงินสด,กระแสเงินสดจากกิจกรรมดำเนินงาน,"[-5175975, -452064.0, -5175975, -452064.0]"
87,ค่าใช้จ่ายค้างจ่าย,518900,ค่าใช้จ่ายค้างจ่าย เพิ่มขึ้น (ลดลง),"The input item name ค่าใช้จ่ายค้างจ่าย  matches the closest with ค่าใช้จ่ายค้างจ่าย เพิ่มขึ้น (ลดลง) in the taxonomy list.  Also, the fs_category กระแสเงินสดจากกิจกรรมดำเนินงาน  is found in the same row in the taxonomy list. Therefore, the set code should be 518900.",งบกระแสเงินสด,กระแสเงินสดจากกิจกรรมดำเนินงาน,"[-22540585, -42094292.0, -22502735, -42056293.0]"
88,หนี้สินอื่น,518300,หนี้สินดำเนินงานอื่น เพิ่มขึ้น (ลดลง),"The input 'หนี้สินอื่น' is related to other liabilities. The input metadata specified the fs_category as 'กระแสเงินสดจากกิจกรรมดำเนินงาน' and financial_statement_type as 'งบกระแสเงินสด'. Thus, the most relevant item in the taxonomy is 'หนี้สินดำเนินงานอื่น เพิ่มขึ้น (ลดลง)' with SET Code '518300'.",งบกระแสเงินสด,กระแสเงินสดจากกิจกรรมดำเนินงาน,"[-1765953, 771304.0, -1750802, 786305.0]"
89,เงินสดรับจากการดำเนินงาน,519998,เงินสดรับ (จ่าย) จากการดำเนินงาน,"The INPUT's financial_statement_type งบกระแสเงินสด matches the Taxonomy's financial_statement_type CF.  The INPUT's fs_category กระแสเงินสดจากกิจกรรมดำเนินงาน is related to the Taxonomy's fs_category กิจกรรมดำเนินงาน. Thus, the SET Code should be 519998 and Item in Taxonomy should be เงินสดรับ (จ่าย) จากการดำเนินงาน",งบกระแสเงินสด,กระแสเงินสดจากกิจกรรมดำเนินงาน,"[155607719, 263746650.0, 152311078, 265273937.0]"
90,ภาษีเงินได้จ่ายออก,514900,ภาษีเงินได้,The input name 'ภาษีเงินได้จ่ายออก' is related to 'ภาษีเงินได้' in the taxonomy list. And the input metadata financial_statement_type is 'งบกระแสเงินสด' which is matched with 'CF' in the taxonomy list. And the input metadata fs_category is 'กระแสเงินสดจากกิจกรรมดำเนินงาน' which is matched with 'กิจกรรมดำเนินงาน' in the taxonomy list.,งบกระแสเงินสด,กระแสเงินสดจากกิจกรรมดำเนินงาน,"[-22046570, -21419057.0, -20301491, -20026869.0]"
91,เงินสดสุทธิได้มาจากกิจกรรมดำเนินงาน,519999,เงินสดสุทธิได้มาจาก (ใช้ไปใน) กิจกรรมดำเนินงาน,"The query ""เงินสดสุทธิได้มาจากกิจกรรมดำเนินงาน"" matches the item_in_taxonomy ""เงินสดสุทธิได้มาจาก (ใช้ไปใน) กิจกรรมดำเนินงาน"" in the taxonomy list.  The fs_category ""กิจกรรมดำเนินงาน"" is also a match to the input metadata fs_category ""กระแสเงินสดจากกิจกรรมดำเนินงาน"".",งบกระแสเงินสด,กระแสเงินสดจากกิจกรรมดำเนินงาน,"[133561149, 242327593.0, 132009587, 245247068.0]"
92,เงินสดจ่ายซื้ออุปกรณ์,521710,เงินสดจ่ายจากการซื้อสินทรัพย์ถาวร ที่ดิน อาคาร และอุปกรณ์,"The input name 'เงินสดจ่ายซื้ออุปกรณ์' is related to purchase of fixed asset. 
The input metadata financial_statement_type is 'งบกระแสเงินสด' which is represented as 'CF'.
The input metadata fs_category is 'กระแสเงินสดจากกิจกรรมลงทุน' which is related to 'กิจกรรมลงทุน' in the Taxonomy list.
The closest matching item in the Taxonomy list is 'เงินสดจ่ายจากการซื้อสินทรัพย์ถาวร ที่ดิน อาคาร และอุปกรณ์' with SET Code '521710'.",งบกระแสเงินสด,กระแสเงินสดจากกิจกรรมลงทุน,"[-3724724, -4738147.0, -3724724, -4738147.0]"
93,เงินสดจ่ายซื้อสินทรัพย์ไม่มีตัวตน,521720,เงินสดจ่ายจากการซื้อสินทรัพย์ถาวร สินทรัพย์ไม่มีตัวตน,"The input name 'เงินสดจ่ายซื้อสินทรัพย์ไม่มีตัวตน' is related to purchase of intangible assets. 
The closest match from the taxonomy list is 'เงินสดจ่ายจากการซื้อสินทรัพย์ถาวร สินทรัพย์ไม่มีตัวตน' with SET Code '521720', which refers to cash paid for the purchase of intangible assets. ",งบกระแสเงินสด,กระแสเงินสดจากกิจกรรมลงทุน,"[-1755926, -5504602.0, -1755926, -5504602.0]"
94,ดอกเบี้ยรับ,529500,รับดอกเบี้ย,"The input item name is ""ดอกเบี้ยรับ"" and the financial statement type is ""งบกระแสเงินสด"" with category ""กระแสเงินสดจากกิจกรรมลงทุน"". There is a direct match with the input and item in the taxonomy list with the same fs_category, thus we select the corresponding SET Code and Item in Taxonomy.",งบกระแสเงินสด,กระแสเงินสดจากกิจกรรมลงทุน,"[2120354, 1465916.0, 1881278, 1279181.0]"
95,เงินปันผลรับ,529700,รับเงินปันผล,"The INPUT is เงินปันผลรับ and financial_statement_type is งบกระแสเงินสด, fs_category is กระแสเงินสดจากกิจกรรมลงทุน.  The most relevant item from the Taxonomy list is  item_in_taxonomy: รับเงินปันผล, fs_category: กิจกรรมลงทุน, set_code: 529700",งบกระแสเงินสด,กระแสเงินสดจากกิจกรรมลงทุน,"[16485383, 9323895.0, 18020769, 6211351.0]"
96,เงินสดสุทธิได้มาจาก(ใช้ไปใน)กิจกรรมลงทุน,529999,เงินสดสุทธิได้มาจาก (ใช้ไปใน) กิจกรรมลงทุน,"The input query 'เงินสดสุทธิได้มาจาก(ใช้ไปใน)กิจกรรมลงทุน' matches exactly with the 'item_in_taxonomy' in the Taxonomy list. Also, the fs_category value confirms that this item belongs to the 'กระแสเงินสดจากกิจกรรมลงทุน' category, as specified in the input metadata.",งบกระแสเงินสด,กระแสเงินสดจากกิจกรรมลงทุน,"[13125087, 547062.0, 14421397, -2752217.0]"
97,จ่ายเงินปันผล,539800,จ่ายเงินปันผล,"The input item name is จ่ายเงินปันผล and financial_statement_type is งบกระแสเงินสด, fs_category is กระแสเงินสดจากกิจกรรมจัดหาเงิน.  From the Taxonomy list, the item จ่ายเงินปันผล with fs_category กิจกรรมจัดหาเงิน matches the input criteria. Therefore, the correct SET Code is 539800 and Item in Taxonomy is จ่ายเงินปันผล.",งบกระแสเงินสด,กระแสเงินสดจากกิจกรรมจัดหาเงิน,"[-162321290, -188408112.0, -162321290, -188408112.0]"
98,จ่ายหนี้สินตามสัญญาเช่า,530500,เงินสดจ่ายชำระหนี้สินตามสัญญาเช่า,"The input mentions จ่ายหนี้สินตามสัญญาเช่า and financial_statement_type is งบกระแสเงินสด, fs_category is กระแสเงินสดจากกิจกรรมจัดหาเงิน. Thus, the most relevant item in the taxonomy is เงินสดจ่ายชำระหนี้สินตามสัญญาเช่า with SET Code 530500",งบกระแสเงินสด,กระแสเงินสดจากกิจกรรมจัดหาเงิน,"[-19737191, -22338490.0, -19737191, -22338490.0]"
99,จ่ายดอกเบี้ย,539600,จ่ายดอกเบี้ย,The input specifies the fs_category as กระแสเงินสดจากกิจกรรมจัดหาเงิน and the input query is จ่ายดอกเบี้ย. There is a matching item in the taxonomy list with set_code 539600.,งบกระแสเงินสด,กระแสเงินสดจากกิจกรรมจัดหาเงิน,"[-3472546, -899648.0, -3472546, -899648.0]"
100,เงินสดสุทธิใช้ไปในกิจกรรมจัดหาเงิน,539999,เงินสดสุทธิได้มาจาก (ใช้ไปใน) กิจกรรมจัดหาเงิน,"The input query's fs_category is กระแสเงินสดจากกิจกรรมจัดหาเงิน,  and it matches the fs_category of multiple items in the Taxonomy list.  However, the input query's wording is similar to the item_in_taxonomy ""เงินสดสุทธิได้มาจาก (ใช้ไปใน) กิจกรรมจัดหาเงิน"".",งบกระแสเงินสด,กระแสเงินสดจากกิจกรรมจัดหาเงิน,"[-185531027, -211646250.0, -185531027, -211646250.0]"
101,เงินสดและรายการเทียบเท่าเงินสดเพิ่มขึ้น(ลดลง)สุทธิ,509999,เงินสดและรายการเทียบเท่าเงินสด เพิ่มขึ้น (ลดลง) สุทธิ,"The query states **เงินสดและรายการเทียบเท่าเงินสดเพิ่มขึ้น(ลดลง)สุทธิ**, which perfectly matches the meaning of taxonomy **เงินสดและรายการเทียบเท่าเงินสด เพิ่มขึ้นหรือลดลง สุทธิ บางครั้งใช้ขื่อว่า เงินสดและรายการเทียบเท่าเงินสดเพิ่มขึ้น(ลดลง)สุทธิ** in the provided taxonomy list. And the financial statement type is งบกระแสเงินสด, so the financial_statement_type should be CF. Thus, the correct set_code is **509999** and item_in_taxonomy is **เงินสดและรายการเทียบเท่าเงินสด เพิ่มขึ้น (ลดลง) สุทธิ**.",งบกระแสเงินสด,เงินสดและรายการเทียบเท่า,"[-38844791, 31228405.0, -39100043, 30848601.0]"
102,เงินสดและรายการเทียบเท่าเงินสด ณ วันต้นงวด,599998,เงินสดและรายการเทียบเท่าเงินสด ต้นงวด,"The query mentions 'เงินสดและรายการเทียบเท่าเงินสด' and 'ต้นงวด' which directly match the fs_category 'เงินสดและรายการเทียบเท่า' and item_in_taxonomy 'เงินสดและรายการเทียบเท่าเงินสด ต้นงวด' in the taxonomy list. Thus, the best match for this query is set_code '599998' and item_in_taxonomy 'เงินสดและรายการเทียบเท่าเงินสด ต้นงวด'.",งบกระแสเงินสด,เงินสดและรายการเทียบเท่า,"[260038833, 125870320.0, 255266661, 113246473.0]"
103,เงินสดและรายการเทียบเท่าเงินสด ณ วันปลายงวด,599999,เงินสดและรายการเทียบเท่าเงินสด สิ้นงวด,"The query mentions 'เงินสดและรายการเทียบเท่าเงินสด' and 'ณ วันปลายงวด' which directly corresponds to the fs_category 'เงินสดและรายการเทียบเท่า' and meaning 'บางครั้งใช้ขื่อว่า เงินสดและรายการเทียบเท่าเงินสดณวันปลายงวด' in the taxonomy list. Thus, the selected SET Code and Item in Taxonomy are a match.",งบกระแสเงินสด,เงินสดและรายการเทียบเท่า,"[221194042, 157098725.0, 216166618, 144095074.0]"
104,ขาดทุนจากการเปลี่ยนแปลงในมูลค่ายุติธรรมในเงินลงทุน,null,null,"The input mentions 'งบกระแสเงินสด' (Cash Flow Statement) and 'กระแสเงินสดจากกิจกรรมดำเนินงาน' (Cash Flows from Operating Activities), but the provided taxonomy list does not include any items related to fair value adjustments of investments under the operating activities category in the cash flow statement.",งบกระแสเงินสด,กระแสเงินสดจากกิจกรรมดำเนินงาน,"[697955, -276607.0, 814903, -322380.0]"