form_no,set_code,dm_code ,running_number,reference_no,indent,item_in_taxonomy,item_in_taxonomy_en,parent_code,parent_code_operation,formating,data_type,symbol,financial_statement_type,description_th ,description_en,opposite_code_short ,mandatory_mapping,zone_code,warning_mapping_msg_th,warning_mapping_msg_en,meaning_of_taxonomy
F4,100000,T1,1,1,0,สินทรัพย์,Assets,No,,B Fix,T,,BS_A,,,,,,,,สินทรัพย์ ประกอบด้วยเลขอ้างอิงที่ 2 ถึง 40 
F4,100100,1,2,2,0,เงินสดและรายการเทียบเท่าเงินสด,Cash And Cash Equivalents,109999,1,,N,23,BS_A,แสดงผลใน Company Highlight & Fact Sheet,Displayed in the Company Highlight & Fact Sheet,,,,,,"หมายถึง รายการดังต่อไปนี้
1. เงินสด หมายถึง เงินสดในมือและเงินฝากธนาคารที่ต้องจ่ายคืนเมื่อทวงถาม เช่น
1.1 ธนบัตรและเหรียญกษาปณ์ที่บริษัทมีอยู่ รวมทั้งเงินสดย่อย ธนาณัติตั๋วแลกเงินไปรษณีย์
1.2 เงินฝากธนาคารกระแสรายวันและออมทรัพย์ ทั้งนี้เงินสดไม่รวมถึงเงินฝากธนาคารประเภทจ่ายคืนเมื่อสิ้นระยะเวลา (เงินฝากประจำ)
1.3 เช็คที่ถึงกำหนดชำระแต่ยังมิได้นำฝาก เช็คเดินทาง ดราฟต์ของธนาคาร

2. รายการเทียบเท่าเงินสด หมายถึง เงินลงทุนระยะสั้นที่มีสภาพคล่องสูง (ภายในระยะเวลา 3 เดือน) ซึ่งพร้อมที่จะเปลี่ยนเป็นเงินสดในจำนวนที่ทราบได้และมีความเสี่ยงที่ไม่มีนัยสำคัญต่อการเปลี่ยนแปลงในมูลค่า เช่น เงินลงทุนในตั๋วแลกเงิน / ตั๋วสัญญาใช้เงิน ซึ่งมีอายุไม่เกิน 3 เดือนนับจากวันที่ได้มา เงินฝากประจำที่มีอายุไม่เกิน 3 เดือน รวมถึงเงินฝากที่มีข้อจำกัดในการใช้ที่ข้อจำกัดในการใช้นั้นไม่เป็นนัยสำคัญ โดยแสดงสุทธิจากผลขาดทุนด้านเครดิตที่คาดว่าจะเกิดขึ้น (ถ้ามี)"
F4,101200,16,3,3,0,เบี้ยประกันภัยค้างรับ - สุทธิ,Premium Receivables - Net,109999,1,,N,23,BS_A,แสดงผลใน Company Highlight & Fact Sheet,Displayed in the Company Highlight & Fact Sheet,,,,,,หมายถึง เบี้ยประกันภัยค้างรับจากการรับประกันภัยโดยตรง ซึ่งยังมิได้รับชำระจากผู้เอาประกันภัย หรือตัวแทนประกันชีวิตหรือนายหน้าประกันชีวิต/ประกันวินาศภัย 
F4,101300,17,4,4,0,รายได้จากการลงทุนค้างรับ,Accrued Investment Income,109999,1,,N,23,BS_A,,,,,,,,หมายถึง ดอกเบี้ยและเงินปันผลค้างรับจากสถาบันการเงิน จากเงินลงทุนในเครื่องมือทางการเงิน รวมทั้งดอกเบี้ยและผลประโยชน์อื่นใดที่เกิดจากการประกอบธุรกรรมลงทุนค้างรับ เช่น ค่าเช่าค้างรับจากอสังหาริมทรัพย์เพื่อการลงทุน เป็นต้น โดยแสดงสุทธิจากผลขาดทุนด้านเครดิตที่คาดว่าจะเกิดขึ้น (ถ้ามี) โดยไม่รวมถึงรายได้ดอกเบี้ยจากเงินให้กู้ยืม 
F4,101400,18,5,5,0,สินทรัพย์จากการประกันภัยต่อ - สุทธิ,Reinsurance Assets - Net,109999,1,,N,23,BS_A,,,,,,,,หมายถึง สิทธิตามสัญญาสุทธิ (Net contractual rights) ของผู้เอาประกันภัยต่อภายใต้สัญญาประกันภัยต่อ ได้แก่ สำรองประกันภัยส่วนที่เรียกคืนจากบริษัทประกันภัยต่อซึ่งได้จากการคำนวณสำรองสำหรับสัญญาประกันภัยระยะยาว และสำรองสำหรับสัญญาประกันภัยระยะสั้น 
F4,101500,19,6,6,0,ลูกหนี้จากสัญญาประกันภัยต่อ,Amount Due From Reinsurers,109999,1,,N,23,BS_A,,,,,,,,"หมายถึง รายการดังต่อไปนี้
1. เงินค้างรับจากบริษัทประกันภัยต่ออันเกิดจากการเอาประกันภัยต่อทั้งในประเทศและต่างประเทศ ซึ่งประกอบด้วย เบี้ยประกันภัยต่อ ค่าสินไหมทดแทนค้างรับ และรายการค้างรับอื่น ๆ จากบริษัทประกันภัยต่อ
2. เงินที่บริษัทประกันชีวิต/บริษัทประกันภัยวางไว้จากการเอาประกันภัยต่อ"
F4,103000,109,7,7,0,สินทรัพย์อนุพันธ์,Derivative Assets,109999,1,,N,23,BS_A,รวมถึง อนุพันธ์เพื่อค้าและเพื่อป้องกันความเสี่ยง (ที่ไม่ได้เลือกใช้การบัญชีป้องกันความเสี่ยง) และ อนุพันธ์ที่ปฏิบัติตามวิธีการบัญชีป้องกันความเสี่ยง,"Include trading and hedging derivatives (not applying hedge accounting), and derivatives for hedging that the company has chosen to apply hedge accounting",,,,,,"หมายถึง มูลค่ายุติธรรมของตราสารอนุพันธ์ หรือส่วนปรับมูลค่าของตราสารอนุพันธ์ที่มีผลสุทธิเป็นกำไรของตราสารอนุพันธ์เพื่อค้า และตราสารอนุพันธ์ที่ถือไว้เพื่อป้องกันความเสี่ยง รวมถึงอนุพันธ์แฝงที่บริษัทประกันชีวิต/บริษัทประกันภัยรับรู้แยกออกมาจากสัญญาหลัก

สินทรัพย์อนุพันธ์ ประกอบด้วยรายการดังต่อไปนี้
1. อนุพันธ์เพื่อค้าและเพื่อป้องกันความเสี่ยง (ไม่ได้เลือกใช้การบัญชีป้องกันความเสี่ยง) หมายถึง ตราสารอนุพันธ์ที่บริษัทประกันชีวิต/บริษัทประกันภัยถือไว้เพื่อค้า ที่บริษัทประกันชีวิต/บริษัทประกันภัยถือไว้เพื่อป้องกันความเสี่ยงของบริษัทโดยไม่ได้เลือกปฏิบัติตามการบัญชีป้องกันความเสี่ยง ซึ่งรวมถึงการทำสัญญาอนุพันธ์ที่ทำกับลูกค้า และอนุพันธ์แฝงที่แยกออกจากสัญญาหลักได้ โดยมีลักษณะทุกข้อต่อไปนี้ 
1.1 มูลค่าของอนุพันธ์ดังกล่าวจะผันแปรไปตามอัตราดอกเบี้ย ราคาของตราสารการเงิน ราคาสินค้าโภคภัณฑ์ อัตราแลกเปลี่ยน ดัชนีราคาหรือดัชนีอื่น ตัวอย่างเช่น อันดับความน่าเชื่อถือ หรือตัวแปรอื่นใด 
1.2 ไม่มีการจ่ายเงินลงทุนสุทธิเมื่อเริ่มแรก หรือจ่ายด้วยจำนวนเพียงเล็กน้อยเมื่อเทียบกับมูลค่าของสัญญาประเภทอื่น ซึ่งมีการตอบสนองในลักษณะเดียวกันของปัจจัยตลาด 
1.3 มีกำหนดการรับหรือการจ่ายชำระในอนาคต

2. อนุพันธ์เพื่อการบัญชีป้องกันความเสี่ยง หมายถึง อนุพันธ์ที่บริษัทประกันชีวิต/บริษัทประกันภัยถือไว้โดยมีวัตถุประสงค์เพื่อใช้ในการป้องกันความเสี่ยง และบริษัทประกันชีวิต/บริษัทประกันภัยเลือกปฏิบัติตามวิธีการบัญชีป้องกันความเสี่ยง (ตามที่กำหนดไว้ในมาตรฐานการรายงานทางการเงิน ฉบับที่ 9 เรื่อง เครื่องมือทางการเงิน)"
F4,101900,40,8,8,0,สินทรัพย์ลงทุน,Investment Assets,109999,1,,N,23,BS_A,,,,,,,,สินทรัพย์ลงทุน ประกอบด้วยเลขอ้างอิงที่ 9 ถึง 15
F4,101910,41,9,9,1,เงินลงทุนในหลักทรัพย์,Investment In Securities,101900,1,,N,23,BS_A,,,,,,,,เงินลงทุนในหลักทรัพย์ ประกอบด้วยเลขอ้างอิงที่ 10 ถึง 11
F4,101911,42,10,10,2,สินทรัพย์ทางการเงินตราสารหนี้,Financial Assets - Debt Instruments,101910,1,,N,23,BS_A,,,,,,,,"หมายถึง สินทรัพย์ทางการเงินที่ถูกจัดประเภทเป็นตราสารหนี้ตามที่กำหนดในมาตรฐานการบัญชีและมาตรฐานการรายงานทางการเงินที่เกี่ยวข้อง โดยไม่รวมถึงเงินให้กู้ยืม ทั้งที่เป็นกรรมสิทธิ์ของบริษัทประกันชีวิต/บริษัทประกันภัย หรือที่โอนกรรมสิทธิ์แล้วแต่มีสัญญาซื้อคืน รวมทั้งเงินลงทุนในลูกหนี้ที่รับโอนมาที่เข้าข่ายเป็นการขายที่แท้จริงตามหลักการบัญชี  (True sale) และเงินลงทุนในธุรกรรมเงินกู้ยืมที่มีอนุพันธ์แฝง โดยแสดงมูลค่าสุทธิหลังจากบวกหรือหักค่าเผื่อการปรับมูลค่าและค่าเผื่อผลขาดทุนด้านเครดิตที่คาดว่าจะเกิดขึ้นของเงินลงทุน ตามที่กำหนดในมาตรฐานการบัญชีและมาตรฐานการรายงานทางการเงินที่เกี่ยวข้อง โดยรวมถึงสินทรัพย์ทางการเงินตราสารหนี้ที่กำหนดให้วัดมูลค่าด้วยมูลค่ายุติธรรม

ตราสารหนี้ ประกอบด้วยรายการดังต่อไปนี้
1. หลักทรัพย์รัฐบาลและรัฐวิสาหกิจ (Government and state enterprise securities) หมายถึง ตั๋วเงินคลัง พันธบัตร หรือตราสารอื่นที่ออกโดยรัฐบาลไทยและรัฐบาลต่างประเทศ องค์การบริหารราชการส่วนท้องถิ่นและจังหวัด หุ้นกู้ พันธบัตรหรือตราสารอื่นที่องค์การของรัฐ รัฐวิสาหกิจ หรือนิติบุคคลที่มีกฎหมายเฉพาะจัดตั้งขึ้นเป็นผู้ออก

2. ตราสารหนี้ภาคเอกชน (Private enterprises debt securities) หมายถึง หุ้นกู้ ตั๋วแลกเงินที่ออกโดยบริษัทเงินทุน และบริษัทเงินทุนหลักทรัพย์ที่มีลักษณะเป็นการระดมทุน ตั๋วแลกเงิน และตราสารหนี้อื่นใดที่ออกโดยธุรกิจอื่นที่มีลักษณะเป็นการระดมทุนและคล้ายหุ้นกู้ตามที่สำนักงานคณะกรรมการกำกับหลักทรัพย์และตลาดหลักทรัพย์กำหนด

3. ตราสารหนี้ต่างประเทศ (Foreign debt securities) หมายถึง ตราสารที่ออกหรือค้ำประกันโดยรัฐบาลต่างประเทศ องค์การหรือหน่วยงานของรัฐบาลต่างประเทศ องค์กรระหว่างประเทศ นิติบุคคลที่จัดตั้งตามกฎหมายต่างประเทศ หรือรัฐวิสาหกิจตาม กฎหมายต่างประเทศ และให้หมายรวมถึงตราสารหนี้ต่างประเทศ แต่ออกจำหน่ายในประเทศไทยด้วย

4. เงินฝากธนาคารหรือสถาบันการเงิน (Deposit at banks or financial institutions) หมายถึง เงินฝากธนาคารหรือสถาบันการเงิน รวมทั้งใบรับฝากเงินและบัตรเงินฝากที่ออกโดยธนาคารพาณิชย์และสถาบันการเงินอื่น ที่มีระยะเวลาครบกำหนดเกินสามเดือนนับแต่วันที่ได้มา

5. เงินลงทุนในเครื่องมือทางการเงินที่มีอนุพันธ์แฝง (Investments in structured note) หมายถึง การลงทุนในเครื่องมือทางการเงินที่ประกอบไปด้วย
5.1 สัญญาหลักซึ่งไม่จัดเป็นตราสารอนุพันธ์ (Non-derivative host contract)
5.2 อนุพันธ์แฝง (Embedded derivatives) ซึ่งทำให้ผลตอบแทนของตราสารดังกล่าว เปลี่ยนแปลงไปตามการเคลื่อนไหวของอัตราดอกเบี้ย อัตราแลกเปลี่ยน ราคาของกลุ่มหุ้น ราคาของสินค้าโภคภัณฑ์ ดัชนีของราคาหรืออัตราใด ๆ ความเสี่ยงทางด้านเครดิต และดัชนีทางด้านเครดิต ฯลฯ 

ตัวอย่างของเครื่องมือทางการเงินที่มีอนุพันธ์แฝง เช่น ธุรกรรม Equity-linked note ธุรกรรม Credit linked note หรือ Credit linked deposit ธุรกรรม Inverse floater notes ธุรกรรม Range accrual notes ธุรกรรม Puttable bond และ Convertible bond

6. ตราสารหนี้อื่น (Other debt securities) หมายถึง ตราสารหนี้และเงินลงทุนในกองทุนที่ถูกจัดประเภทเป็นตราสารหนี้ตามที่กำหนดในมาตรฐานการบัญชีและมาตรฐานการรายงานทางการเงินที่เกี่ยวข้อง ที่มิอาจแสดงไว้ในเลขอ้างอิงที่กล่าวข้างต้น"
F4,101912,43,11,11,2,สินทรัพย์ทางการเงินตราสารทุน,Financial Assets - Equity Instruments,101910,1,,N,23,BS_A,,,,,,,,"หมายถึง สินทรัพย์ทางการเงินที่ถูกจัดประเภทเป็นตราสารทุน ยกเว้นเงินลงทุนในบริษัทย่อยและบริษัทร่วมตามที่กำหนดในมาตรฐานการบัญชีและมาตรฐานการรายงานทางการเงินที่เกี่ยวข้อง (เช่น หุ้นทุน)

ตราสารทุน (Equity securities) ประกอบด้วยรายการดังต่อไปนี้
1. ตราสารทุนในความต้องการของตลาด (Marketable equity securities) หมายถึง หลักทรัพย์ที่มีการซื้อขายในตลาดซื้อขายคล่องทั้งในประเทศและต่างประเทศ

2. ตราสารทุนที่ไม่อยู่ในความต้องการของตลาด (Non-marketable equity securities) หมายถึง หลักทรัพย์ที่ไม่มีการซื้อขายในตลาดซื้อขายคล่องทั้งในประเทศและต่างประเทศ

3. หลักทรัพย์อื่น (Other equity securities) หมายถึง หลักทรัพย์อื่นที่มิได้แสดงไว้ในรายการข้างต้น"
F4,102501,80,12,12,1,เงินให้กู้ยืมและดอกเบี้ยค้างรับ,Loans And Interest Receivables,101900,1,,N,23,BS_A,,,,,,,,"หมายถึง เงินให้กู้ยืมทุกประเภทแก่ลูกหนี้ เงินให้กู้ยืมที่มีกรมธรรม์ประกันภัยเป็นประกัน รวมทั้งลูกหนี้ให้เช่าซื้อรถ และลูกหนี้ให้เช่าทรัพย์สินแบบลีสซิ่ง รวมถึงดอกเบี้ยค้างรับและรายได้ดอกเบี้ยที่ยังไม่ถึงกำหนดชำระตามวิธีอัตราดอกเบี้ยที่แท้จริงของเงินให้กู้ยืมดังกล่าว หักรายได้รอตัดบัญชี และค่าเผื่อผลขาดทุนด้านเครดิตที่คาดว่าจะเกิดขึ้น โดยรวมถึงเงินให้กู้ยืมที่กำหนดให้วัดมูลค่าด้วยมูลค่ายุติธรรม

เงินให้กู้ยืมและดอกเบี้ยค้างรับ ประกอบด้วยเลขอ้างอิงที่ 13 ถึง 14"
F4,102500,79,13,13,2,เงินให้กู้ยืม,Loan Receivables,102501,1,,N,23,BS_A,,,,,,,,หมายถึง เงินให้กู้ยืมทุกประเภทแก่ลูกหนี้ เงินให้กู้ยืมที่มีกรมธรรม์ประกันภัยเป็นประกัน รวมทั้งลูกหนี้ให้เช่าซื้อรถ และลูกหนี้ให้เช่าทรัพย์สินแบบลีสซิ่ง
F4,102540,83,14,14,2,ดอกเบี้ยค้างรับ,Interest Receivables,102501,1,,N,23,BS_A,,,,,,,,หมายถึง ดอกเบี้ยค้างรับและรายได้ดอกเบี้ยที่ยังไม่ถึงกำหนดชำระตามวิธีอัตราดอกเบี้ยที่แท้จริงของเงินให้กู้ยืม
F4,103700,128,15,15,1,อสังหาริมทรัพย์เพื่อการลงทุน - สุทธิ,Investment Properties - Net,101900,1,,N,23,BS_A,รวมถึง สินทรัพย์สิทธิการใช้ที่เข้านิยามการจัดประเภทเป็นอสังหาริมทรัพย์เพื่อการลงทุน,Include right-of-use assets which are classified as investment properties,,,,,,"หมายถึง  อสังหาริมทรัพย์ (ที่ดิน หรืออาคาร หรือส่วนของอาคาร/ส่วนควบอาคาร หรือทั้งที่ดินและอาคาร) ที่ถือครองโดยเจ้าของ หรือได้มาตามสัญญาเช่า (สินทรัพย์สิทธิการใช้) เพื่อหาประโยชน์จากรายได้ค่าเช่า หรือจากการเพิ่มขึ้นของมูลค่าสินทรัพย์ หรือทั้งสองอย่าง โดยไม่ได้มีไว้เพื่อใช้ในการผลิตหรือจัดหาสินค้าหรือให้บริการหรือใช้ในการบริหารงานของบริษัทประกันชีวิต/บริษัทประกันภัย หรือขายตามลักษณะการประกอบธุรกิจตามปกติ

ทั้งนี้ เงินลงทุนในอสังหาริมทรัพย์ที่เป็นไปตามเงื่อนไขที่สำนักงานคณะกรรมการกำกับและส่งเสริมการประกอบธุรกิจประกันภัยกำหนด และให้แสดงด้วยมูลค่ายุติธรรมเท่านั้น"
F4,900026,900026,16,15.1,1,สินทรัพย์ลงทุน (มาตรฐานเดิม),Investment Assets (Amended Account),101900,1,,N,23,BS_A,,,,,,,,#N/A
F4,102200,68,17,16,0,ลูกหนี้ตามสัญญาเช่า - สุทธิ,Lease Receivables - Net,109999,1,,N,23,BS_A,,,,,,,,หมายถึง ลูกหนี้ที่เกิดจากสัญญาเช่า สุทธิจากค่าเผื่อผลขาดทุนด้านเครดิตที่คาดว่าจะเกิดขึ้น
F4,102600,84,18,17,0,เงินลงทุนในบริษัทย่อย บริษัทร่วม และการร่วมค้า ที่บันทึกโดยวิธีส่วนได้เสีย - สุทธิ,"Investment In Subsidiaries, Associates And Joint Ventures Using The Equity Method - Net",109999,1,,N,23,BS_A,,,,,,,,"หมายถึง รายการดังต่อไปนี้
1. เงินลงทุนในบริษัทย่อย หมายถึง เงินลงทุนที่บริษัทประกันชีวิต/บริษัทประกันภัยมีอำนาจควบคุมในกิจการผู้ถูกลงทุนนั้น
2. เงินลงทุนในบริษัทร่วม หมายถึง เงินลงทุนที่บริษัทประกันชีวิต/บริษัทประกันภัยมีอิทธิพลอย่างมีนัยสำคัญในกิจการผู้ถูกลงทุนนั้น แต่ไม่ถึงกับมีอำนาจควบคุมหรือมีการควบคุมร่วม
3. เงินลงทุนในการร่วมค้า หมายถึง เงินลงทุนที่บริษัทประกันชีวิต/บริษัทประกันภัยมีอำนาจควบคุมร่วมในกิจการผู้ถูกลงทุนนั้น โดยบริษัทประกันชีวิต/บริษัทประกันภัยมีสิทธิในสินทรัพย์สุทธิของการร่วมการงานนั้น
 
ทั้งนี้ เฉพาะส่วนของเงินลงทุนที่บันทึกด้วยวิธีส่วนได้เสีย (Equity method) สุทธิจากค่าเผื่อการด้อยค่าเท่านั้น

เงินลงทุนในบริษัทย่อย บริษัทร่วม และการร่วมค้า ที่บันทึกโดยวิธีส่วนได้เสีย - สุทธิ เป็นรายการสุทธิของเลขอ้างอิงที่ 18 ถึง 20"
F4,102610,86,19,18,1,เงินลงทุนในบริษัทย่อย,Investment In Subsidiaries,102600,1,,N,23,BS_A,,,,,,,,หมายถึง เงินลงทุนที่บริษัทประกันชีวิต/บริษัทประกันภัยมีอำนาจควบคุมในกิจการผู้ถูกลงทุนนั้นที่บันทึกด้วยวิธีส่วนได้เสีย (Equity method) สุทธิจากค่าเผื่อการด้อยค่า
F4,102620,88,20,19,1,เงินลงทุนในบริษัทร่วม,Investment In Associates,102600,1,,N,23,BS_A,,,,,,,,หมายถึง เงินลงทุนที่บริษัทประกันชีวิต/บริษัทประกันภัยมีอิทธิพลอย่างมีนัยสำคัญในกิจการผู้ถูกลงทุนนั้น แต่ไม่ถึงกับมีอำนาจควบคุมหรือมีการควบคุมร่วมที่บันทึกด้วยวิธีส่วนได้เสีย (Equity method) สุทธิจากค่าเผื่อการด้อยค่า
F4,102630,90,21,20,1,เงินลงทุนในการร่วมค้า,Investment In Joint Ventures,102600,1,,N,23,BS_A,,,,,,,,หมายถึง เงินลงทุนที่บริษัทประกันชีวิต/บริษัทประกันภัยมีอำนาจควบคุมร่วมในกิจการผู้ถูกลงทุนนั้น โดยบริษัทประกันชีวิต/บริษัทประกันภัยมีสิทธิในสินทรัพย์สุทธิของการร่วมการงานนั้นที่บันทึกด้วยวิธีส่วนได้เสีย (Equity method) สุทธิจากค่าเผื่อการด้อยค่า
F4,102700,92,22,21,0,เงินลงทุนในบริษัทย่อย บริษัทร่วม และการร่วมค้า ที่บันทึกด้วยวิธีอื่น - สุทธิ,"Investment In Subsidiaries, Associates And Joint Ventures Using Other Methods - Net",109999,1,,N,23,BS_A,เฉพาะส่วนของเงินลงทุนที่บันทึกบัญชีด้วยวิธีราคาทุนสุทธิจากค่าเผื่อการด้อยค่า และ/หรือ วิธีมูลค่ายุติธรรมเท่านั้น,"Only the investments measured at cost , net from the allowance for impairment and/or at fair value .",,,,งบการเงินรวมและงบการเงินที่จัดทำขึ้นตามวิธีส่วนได้เสียไม่ควรมีค่า,Should have no value in Consolidated and EQ method financial statements.,"หมายถึง รายการดังต่อไปนี้
1. เงินลงทุนในบริษัทย่อย หมายถึง เงินลงทุนที่บริษัทประกันชีวิต/บริษัทประกันภัยมีอำนาจควบคุมในกิจการผู้ถูกลงทุนนั้น
2. เงินลงทุนในบริษัทร่วม หมายถึง เงินลงทุนที่บริษัทประกันชีวิต/บริษัทประกันภัยมีอิทธิพลอย่างมีนัยสำคัญในกิจการผู้ถูกลงทุนนั้น แต่ไม่ถึงกับมีอำนาจควบคุมหรือมีการควบคุมร่วม
3. เงินลงทุนในการร่วมค้า หมายถึง เงินลงทุนที่บริษัทประกันชีวิต/บริษัทประกันภัยมีอำนาจควบคุมร่วมในกิจการผู้ถูกลงทุนนั้น โดยบริษัทมีสิทธิในสินทรัพย์สุทธิของการร่วมการงานนั้น

ทั้งนี้ เฉพาะส่วนของเงินลงทุนที่บันทึกบัญชีด้วยวิธีราคาทุนสุทธิจากค่าเผื่อการด้อยค่า และ/หรือ วิธีมูลค่ายุติธรรมเท่านั้น

เงินลงทุนในบริษัทย่อย บริษัทร่วม และการร่วมค้า อื่น ๆ - สุทธิ เป็นรายการสุทธิของเลขอ้างอิงที่ 22 ถึง 24"
F4,102710,94,23,22,1,เงินลงทุนในบริษัทย่อย,Investment In Subsidiaries,102700,1,,N,23,BS_A,,,,,,งบการเงินรวมและงบการเงินที่จัดทำขึ้นตามวิธีส่วนได้เสียไม่ควรมีค่า,Should have no value in Consolidated and EQ method financial statements.,หมายถึง เงินลงทุนที่บริษัทประกันชีวิต/บริษัทประกันภัยมีอำนาจควบคุมในกิจการผู้ถูกลงทุนนั้นที่บันทึกบัญชีด้วยวิธีราคาทุนสุทธิจากค่าเผื่อการด้อยค่า และ/หรือ วิธีมูลค่ายุติธรรม
F4,102720,96,24,23,1,เงินลงทุนในบริษัทร่วม,Investment In Associates,102700,1,,N,23,BS_A,,,,,,งบการเงินรวมและงบการเงินที่จัดทำขึ้นตามวิธีส่วนได้เสียไม่ควรมีค่า,Should have no value in Consolidated and EQ method financial statements.,หมายถึง เงินลงทุนที่บริษัทประกันชีวิต/บริษัทประกันภัยมีอิทธิพลอย่างมีนัยสำคัญในกิจการผู้ถูกลงทุนนั้น แต่ไม่ถึงกับมีอำนาจควบคุมหรือมีการควบคุมร่วมที่บันทึกบัญชีด้วยวิธีราคาทุนสุทธิจากค่าเผื่อการด้อยค่า และ/หรือ วิธีมูลค่ายุติธรรม
F4,102730,98,25,24,1,เงินลงทุนในการร่วมค้า,Investment In Joint Ventures,102700,1,,N,23,BS_A,,,,,,งบการเงินรวมและงบการเงินที่จัดทำขึ้นตามวิธีส่วนได้เสียไม่ควรมีค่า,Should have no value in Consolidated and EQ method financial statements.,หมายถึง เงินลงทุนที่บริษัทประกันชีวิต/บริษัทประกันภัยมีอำนาจควบคุมร่วมในกิจการผู้ถูกลงทุนนั้น โดยบริษัทมีสิทธิในสินทรัพย์สุทธิของการร่วมการงานนั้นที่บันทึกบัญชีด้วยวิธีราคาทุนสุทธิจากค่าเผื่อการด้อยค่า และ/หรือ วิธีมูลค่ายุติธรรม
F4,103400,125,26,25,0,สินทรัพย์ลงทุนที่ผู้เอาประกันภัยรับความเสี่ยง,Investment Assets Of The Insured,109999,1,,N,23,BS_A,,,,,,,,หมายถึง สินทรัพย์ลงทุนสำหรับกรมธรรม์ประกันภัยที่ผู้เอาประกันภัยรับความเสี่ยงในการเปลี่ยนแปลงมูลค่าของสินทรัพย์ลงทุนดังกล่าว เช่น กรมธรรม์ประเภทยูนิตลิงค์ เป็นต้น
F4,103500,126,27,26,0,ทรัพย์สินรอการขาย - สุทธิ,Properties Foreclosed - Net,109999,1,,N,23,BS_A,,,,,,,,หมายถึง ทรัพย์สินที่ตกเป็นของบริษัทประกันชีวิต/บริษัทประกันภัยเนื่องจากการชำระหนี้ หรือเนื่องจากการที่บริษัทประกันชีวิต/บริษัทประกันภัยได้ซื้อทรัพย์สินที่จำนองไว้กับบริษัทประกันชีวิต/บริษัทประกันภัยนั้นจากการขายทอดตลาดโดยคำสั่งศาลหรือเจ้าพนักงานพิทักษ์ทรัพย์ รวมทั้งการเข้าครอบครองทรัพย์สินจากการให้เช่าการเงินหรือการให้เช่าซื้อ โดยแสดงมูลค่าสุทธิหลังจากหักค่าเผื่อการด้อยค่าของทรัพย์สินนั้น ๆ
F4,103800,130,28,27,0,ที่ดิน อาคาร และอุปกรณ์ - สุทธิ,"Property, Plant And Equipment - Net",109999,1,,N,23,BS_A,"- แสดงผลใน Company Highlight & Fact Sheet
- ใช้ในการคำนวณ Fixed Asset Turnover","- Displayed in the Company Highlight & Fact Sheet
- For calculation of Fixed Asset Turnover",,,,,,"หมายถึง รายการดังต่อไปนี้
1. ที่ดิน อาคาร สิ่งปลูกสร้าง อสังหาริมทรัพย์ที่มีไว้เพื่อใช้ในการดำเนินธุรกิจตามปกติของบริษัทประกันชีวิต/บริษัทประกันภัย หรือเพื่อสวัสดิการของพนักงานและลูกจ้างของบริษัทประกันชีวิต/บริษัทประกันภัย
2. อุปกรณ์ เครื่องใช้สำนักงาน เครื่องคอมพิวเตอร์ เครื่องตกแต่งติดตั้ง และยานพาหนะต่าง ๆ
3. ที่ดิน อาคาร และทรัพย์สินอื่นที่เลิกใช้เพื่อการดำเนินธุรกิจหรือสำหรับพนักงาน โดยสินทรัพย์ดังกล่าวที่ไม่เข้าเงื่อนไขสินทรัพย์ไม่หมุนเวียนที่ถือไว้เพื่อขายและการดำเนินงานที่ยกเลิกตามมาตรฐานการรายงานทางการเงินที่เกี่ยวข้อง

โดยแสดงด้วยราคาทุนหรือมูลค่ายุติธรรมที่ตีใหม่สุทธิจากค่าเสื่อมราคาสะสมและการด้อยค่า

ทั้งนี้ รวมถึง สินทรัพย์สิทธิการใช้ในที่ดิน อาคาร และอุปกรณ์ ที่เข้าตามคำนิยามข้างต้น ซึ่งบริษัทประกันชีวิต/บริษัทประกันภัยเลือกที่จะไม่แยกแสดงเป็น “สินทรัพย์สิทธิการใช้ – สุทธิ” (เลขอ้างอิงที่ 28)"
F4,103900,132,29,28,0,สินทรัพย์สิทธิการใช้ - สุทธิ,Right-Of-Use Assets - Net,109999,1,,N,23,BS_A,"- ไม่รวมสินทรัพย์สิทธิการใช้ที่จัดประเภทเป็นอสังหาริมทรัพย์เพื่อการลงทุน ที่กำหนดให้แสดงรวมอยู่ในรายการอสังหาริมทรัพย์เพื่อการลงทุน – สุทธิ
- ใช้ในการคำนวณ Fixed Asset Turnover","- Exclude right-of-use assets which are classified as investment properties that are included in investment properties - Net
- For calculation of Fixed Asset Turnover",,,,,,หมายถึง สินทรัพย์ที่แสดงสิทธิของผู้เช่าในการใช้สินทรัพย์ตามสัญญาเช่า สุทธิจากค่าเสื่อมราคาสะสมและการด้อยค่า เฉพาะในกรณีที่บริษัทประกันชีวิต/บริษัทประกันภัยเลือกที่จะแสดงรายการสินทรัพย์สิทธิการใช้เป็นรายการแยกต่างหาก ทั้งนี้ ไม่รวมสินทรัพย์สิทธิการใช้ที่จัดประเภทเป็นอสังหาริมทรัพย์เพื่อการลงทุน ที่กำหนดให้แสดงรวมอยู่ในอสังหาริมทรัพย์เพื่อการลงทุน - สุทธิ (เลขอ้างอิงที่ 15) ข้างต้น  
F4,104100,135,30,29,0,สินทรัพย์ไม่มีตัวตน - สุทธิ,Intangible Assets - Net,109999,1,,N,23,BS_A,,,,,,,,"หมายถึง สินทรัพย์ที่ไม่เป็นตัวเงินที่สามารถระบุได้และไม่มีลักษณะทางกายภาพ ที่ไม่ใช่ค่าความนิยม เช่น ลิขสิทธิ์ สิทธิบัตร เป็นต้น โดยแสดงด้วยราคาทุนหรือมูลค่ายุติธรรมที่ตีใหม่สุทธิจากค่าเสื่อมราคาสะสมและการด้อยค่า
"
F4,104200,143,31,30,0,ค่าความนิยม - สุทธิ,Goodwill - Net,109999,1,,N,23,BS_A,,,,,,,,หมายถึง สินทรัพย์ที่แสดงถึงประโยชน์เชิงเศรษฐกิจในอนาคตอื่นที่บริษัทประกันชีวิต/บริษัทประกันภัยคาดว่าจะได้รับจากการรวมธุรกิจ ซึ่งประโยชน์ในอนาคตอื่นนั้นไม่สามารถระบุและรับรู้เป็นรายการแยกต่างหากได้ เช่น ต้นทุนที่ประหยัดได้จากการรวมธุรกิจ การได้มาซึ่งบุคลากรที่มีความรู้ความสามารถในธุรกิจ เป็นต้น โดยแสดงสุทธิจากค่าเผื่อการด้อยค่า
F4,104300,145,32,31,0,ต้นทุนการหาประกันภัยรอตัดบัญชี,Deferred Acquisition Cost,109999,1,,N,23,BS_A,,,,,,,,หมายถึง ค่าบำเหน็จทยอยรับรู้ตามการรับรู้ของรายได้
F4,104400,146,33,32,0,สินทรัพย์ภาษีเงินได้รอตัดบัญชี,Deferred Tax Assets,109999,1,,N,23,BS_A,,,,,,,,"หมายถึง จำนวนภาษีเงินได้ที่บริษัทประกันชีวิต/บริษัทประกันภัย คาดว่าจะได้รับคืนในอนาคตซึ่งเกิดจาก
1.  ผลแตกต่างชั่วคราวที่ใช้หักภาษี
2.  ขาดทุนทางภาษีที่ยังไม่ได้ใช้ยกไป
3.  เครดิตภาษีที่ยังไม่ได้ใช้ยกไป"
F4,104500,148,34,33,0,ภาษีเงินได้นิติบุคคลค้างรับ,Income Tax Receivable,109999,1,,N,23,BS_A,,,,,,,,หมายถึง จำนวนภาษีเงินนิติบุคคลได้ที่บริษัทประกันชีวิต/บริษัทประกันภัยสามารถขอคืนได้และคาดว่าจะได้รับคืนไม่ว่าจะเป็นในรูปเงินคืนภาษี หรือเครดิตเพื่อลดจำนวนภาษีที่ต้องชำระ
F4,105000,155,35,34,0,ลูกหนี้ที่เกิดจากภาษีอื่นหรือรายการอื่นภายใต้กฎหมาย,Other Tax Or Other Receivables Under Law And Regulations,109999,1,,R,23,BS_A,,,,,,,,"หมายถึง ลูกหนี้ที่เกิดจากภาษีอื่นหรือรายการอื่นภายใต้กฎหมายซึ่งบังคับใช้กับบริษัทประกันชีวิต/บริษัทประกันภัย ที่สามารถขอคืนได้และคาดว่าจะได้คืน หรือจะได้รับประโยชน์เป็นเครดิตทางภาษี ที่นอกเหนือจากเลขอ้างอิงที่ 33

ลูกหนี้ที่เกิดจากภาษีอื่นหรือรายการอื่นภายใต้กฎหมาย ประกอบด้วยเลขอ้างอิงที่ 35 ถึง 36"
F4,105010,157,36,35,1,ลูกหนี้ภาษีค้างรับ,Other Tax Receivables,105000,1,,N,23,BS_A,รวมถึง ภาษีมูลค่าเพิ่มที่รอขอคืน เครดิตอากรนำเข้าจากกรมศุลกากร,Include claimable value added tax refund and custom duty credit,,,,,,หมายถึง ค่าภาษีหรืออากรค้างรับหรือ เครดิตทางภาษีที่จะได้รับจากหน่วยงานจัดเก็บ เช่น ภาษีมูลค่าเพิ่มที่รอขอคืน ที่บริษัทประกันชีวิต/บริษัทประกันภัยคาดว่าจะได้รับชำระคืนหรือได้รับประโยชน์
F4,105090,163,37,36,1,ลูกหนี้ที่เกิดจากภาษีอื่นหรือรายการอื่นภายใต้กฎหมาย - อื่น ๆ,Other Tax Or Other Receivables Under Law And Regulations - Others,105000,1,,N,23,BS_A,,,,,,,,หมายถึง ลูกหนี้ที่เกิดจากภาษีอื่นหรือรายการอื่นภายใต้กฎหมายซึ่งบังคับใช้กับบริษัทประกันชีวิต/บริษัทประกันภัย นอกเหนือจากเลขอ้างอิงที่ 35
F4,104700,151,38,37,0,สินทรัพย์ไม่หมุนเวียน และ/หรือ กลุ่มสินทรัพย์ที่ยกเลิกซึ่งถือไว้เพื่อขาย,Non-Current Assets And/Or The Disposal Group Held For Sale,109999,1,,N,23,BS_A,รวมถึงสินทรัพย์ไม่หมุนเวียน (หรือกลุ่มสินทรัพย์ที่จะจำหน่าย) ที่จัดประเภทเป็นสินทรัพย์ที่ถือไว้เพื่อจ่ายคืนให้แก่ผู้เป็นเจ้าของ,Include non-current assets (or group of assets to be disposed) classified as assets held for distribution to owners,,,,,,หมายถึง สินทรัพย์ไม่หมุนเวียน (หรือกลุ่มสินทรัพย์ไม่หมุนเวียน) ที่บริษัทประกันชีวิต/บริษัทประกันภัยตั้งใจจะจำหน่ายภายในระยะเวลา 12 เดือน ที่เข้าเงื่อนไขการจัดประเภทเป็นสินทรัพย์ไม่หมุนเวียนที่ถือไว้เพื่อขาย ทั้งนี้ รวมถึงสินทรัพย์ไม่หมุนเวียน (หรือกลุ่มสินทรัพย์ที่จะจำหน่าย) ที่จัดประเภทเป็นสินทรัพย์ที่ถือไว้เพื่อจ่ายคืนให้แก่ผู้เป็นเจ้าของ
F4,104800,152,39,38,0,สินทรัพย์ดิจิทัล,Digital Assets,109999,1,,N,23,BS_A,รวมถึง สกุลเงินดิจิทัล (Cryptocurrency หรือ Digital currency) หรือ เหรียญดิจิทัล (Digital token),"Include cryptocurrency, digital currency, and digital token",,,,,,หมายถึง สินทรัพย์ดิจิทัลที่บริษัทประกันชีวิต/บริษัทประกันภัยคาดว่าจะได้รับชำระ ทั้งนี้ การได้รับชำระอาจเป็นการได้รับสินค้าหรือบริการในอนาคต ตัวอย่างเช่น สกุลเงินดิจิทัล (Cryptocurrency หรือ Digital currency) ซึ่งเป็นสื่อกลางในการแลกเปลี่ยนที่ต้องใช้วิทยาการเข้ารหัสลับเป็นรับประกันการทำธุรกรรม หรือ เหรียญดิจิทัล (Digital token) ซึ่งสินทรัพย์ดังกล่าวอาจไม่สามารถนำไปชำระหนี้สินได้ตามกฎหมาย หรือไม่อาจรับประกันในสภาพคล่องได้ อีกทั้งมูลค่าของสินทรัพย์ดิจิทัลดังกล่าวอาจมีความผันผวนและมีความไม่แน่นอน
F4,109900,165,40,39,0,สินทรัพย์อื่น - สุทธิ,Other Assets - Net,109999,1,,N,23,BS_A,แสดงผลใน Company Highlight & Fact Sheet,Displayed in the Company Highlight & Fact Sheet,,,,,,หมายถึง สินทรัพย์อื่น นอกเหนือจากเลขอ้างอิงที่ 2 ถึง 38
F4,109999,199,41,40,0,รวมสินทรัพย์,Total Assets,No,,BU,NV,23,BS_A,"ใช้ในการคำนวณ Total Asset Turnover, Return on Asset","For calculation of Total Asset Turnover, Return on Asset",,Y,Y,,,รวมสินทรัพย์ เป็นผลรวมของเลขอ้างอิงที่ 2 ถึง 39
F4,200000,T4,42,41,0,หนี้สิน,Liabilities,No,,B Fix,T,,BS_L,,,,,,,,หนี้สิน ประกอบด้วยเลขอ้างอิงที่ 42 ถึง 66
F4,201900,250,43,42,0,เงินเบิกเกินบัญชีและเงินกู้ยืมจากสถาบันการเงิน,Bank Overdrafts And Borrowings From Financial Institutions,209999,1,,N,23,BS_L,"- แสดงผลใน Company Highlight & Fact Sheet
- ใช้ในการคำนวณ Interest Bearing Debt / Equity Ratio","- Displayed in the Company Highlight & Fact Sheet
- For calculation of Interest Bearing Debt / Equity Ratio",,,,,,หมายถึง เงินเบิกเกินบัญชีธนาคาร หนี้สินที่เกิดจากการกู้ยืมจากธนาคารพาณิชย์หรือสถาบันการเงินอื่น รวมทั้งการขายหรือขายลดตั๋วเงินกับธนาคารหรือสถาบันการเงิน รวมถึงตามธุรกรรมซื้อหรือขายหลักทรัพย์โดยมีสัญญาขายหรือซื้อคืน (Repo)
F4,201200,227,44,43,0,หนี้สินจากสัญญาประกันภัย,Insurance Liabilities,209999,1,,N,23,BS_L,,,,,,,,"หมายถึง หนี้สินและภาระผูกพันที่บริษัทประกันชีวิต/บริษัทประกันภัยมีต่อผู้เอาประกันภัยอันเกิดจากสัญญาประกันภัย (Insurance contract) ตามมาตรฐานการรายงานทางการเงินที่เกี่ยวข้อง ได้แก่ รายการดังต่อไปนี้
1. สำรองประกันภัยสำหรับสัญญาประกันภัยระยะยาว (Long-term technical reserves) หมายถึง สำรองสำหรับสัญญาประกันภัยระยะยาว อันเป็นภาระผูกพันที่บริษัทประกันชีวิต/บริษัทประกันภัยมีต่อผู้เอาประกันภัย 

สัญญาประกันภัยระยะยาว หมายถึง สัญญาประกันภัยที่มีระยะเวลาของสัญญาเกินกว่า 1 ปี หรือมีการรับรองการต่ออายุอัตโนมัติ ซึ่งบริษัทประกันชีวิต/บริษัทประกันภัยไม่สามารถบอกเลิกสัญญาและไม่สามารถปรับเพิ่มหรือลดเบี้ยประกันภัย รวมถึงเปลี่ยนแปลงผลประโยชน์ใด ๆ ตลอดอายุสัญญา ทั้งนี้คำนิยามให้เป็นไปตามประกาศว่าด้วยการประเมินราคาทรัพย์สินและหนี้สินของบริษัทประกันชีวิต/บริษัทประกันภัย

2. สำรองประกันภัยสำหรับสัญญาประกันภัยระยะสั้น (Short-term technical reserves) หมายถึง สำรองสำหรับสัญญาประกันภัยระยะสั้น อันเป็นภาระผูกพันที่บริษัทประกันชีวิต/บริษัทประกันภัยมีต่อผู้เอาประกันภัย

สัญญาประกันภัยระยะสั้น หมายถึง สัญญาประกันภัยที่ไม่มีลักษณะหรือเงื่อนไข เช่นเดียวกับสำหรับสัญญาประกันภัยระยะยาว ทั้งนี้คำนิยามให้เป็นตามประกาศว่าด้วยการประเมินราคาทรัพย์สินและหนี้สินของบริษัทประกันชีวิต/บริษัทประกันภัย
2.1 สำรองค่าสินไหมทดแทน (Claim liability) หมายถึง ประมาณการค่าสินไหมทดแทนสำหรับความเสียหายที่เกิดขึ้นแล้วแต่ยังไม่ได้ตกลงหรือยังไม่ได้รับรายงานและค่าสินไหมทดแทนที่ตกลงแล้วแต่ผู้เอาประกันภัยยังไม่ได้รับไป ทั้งนี้ในการประมาณการค่าสินไหมทดแทนดังกล่าว ให้เป็นไปตามกฎหมายว่าด้วยการคำนวณเงินสำรองประกันภัยซึ่งได้มีการรวมค่าใช้จ่ายในการจัดการค่าสินไหมทดแทนในการประมาณการเงินสำรองดังกล่าวแล้ว
2.2 สำรองเบี้ยประกันภัย (Premium liability) หมายถึง ภาระผูกพันตามสัญญาประกันภัย ซึ่งเป็นจำนวนที่สูงกว่าระหว่างสำรองเบี้ยประกันภัยที่ยังไม่ถือเป็นรายได้ และสำรองความเสี่ยงภัยที่ยังไม่สิ้นสุด
2.2.1 สำรองเบี้ยประกันภัยที่ยังไม่ถือเป็นรายได้ (Unearned premium reserve) หมายถึง เบี้ยประกันภัยส่วนที่ยังไม่ถือเป็นรายได้ของบริษัทประกันชีวิต/บริษัทประกันภัยสำหรับกรมธรรม์ประกันภัยที่ยังมีผลบังคับอยู่
2.2.2 สำรองความเสี่ยงภัยที่ยังไม่สิ้นสุด (Unexpired risk reserve) หมายถึง จำนวนเงินที่ผู้รับประกันภัยจัดสำรองไว้เพื่อชดใช้ค่าสินไหมทดแทนที่อาจเกิดขึ้นในอนาคต สำหรับการประกันภัยที่ยังมีผลอยู่
2.3 ผลประโยชน์ตามกรมธรรม์ประกันภัยค้างจ่าย (Unpaid policy benefits) หมายถึง เงินที่ต้องจ่ายตามเงื่อนไขกรมธรรม์ประกันภัยที่ยังมิได้ชำระให้แก่ผู้เอาประกันภัย หรือผู้รับประโยชน์
2.4 หนี้สินอื่นตามกรมธรรม์ประกันภัย (Due to insured) หมายถึง เงินค่าเบี้ยประกันภัยที่รับล่วงหน้าจากผู้เอาประกันภัย และเงินที่บริษัทประกันชีวิต/บริษัทประกันภัยต้องจ่ายให้แก่ผู้เอาประกันภัยตามสัญญานอกเหนือจากเงินที่ต้องจ่ายตามเงื่อนไขกรมธรรม์ประกันภัย"
F4,201300,228,45,44,0,หนี้สินตามสัญญาลงทุน,Investment Contract Liabilities,209999,1,,N,23,BS_L,,,,,,,,หมายถึง หนี้สินและภาระผูกพันที่บริษัทประกันชีวิต/บริษัทประกันภัยมีต่อผู้เอาประกันภัยตามสัญญาที่ไม่เข้าเงื่อนไขเป็นสัญญาประกันภัยตามมาตรฐานการรายงานทางการเงินที่เกี่ยวข้อง โดยสัญญาดังกล่าวก่อให้เกิดภาระหนี้สินทางการเงิน
F4,201400,229,46,45,0,เจ้าหนี้บริษัทประกันภัยต่อ,Amount Due To Reinsurers,209999,1,,N,23,BS_L,,,,,,,,"หมายถึง รายการดังต่อไปนี้
1. เงินค้างจ่ายให้กับบริษัทประกันภัยต่ออันเกิดจากการเอาประกันภัยต่อทั้งในประเทศและต่างประเทศ ซึ่งประกอบด้วย เบี้ยประกันภัยต่อ ผลประโยชน์ตามกรมธรรม์ประกันภัย ค่าสินไหมทดแทน และรายการค้างจ่ายอื่นๆ ให้กับบริษัทประกันภัยต่อ 
2. เงินที่บริษัทประกันชีวิต/บริษัทประกันภัยถือไว้จากการเอาประกันภัยต่อ"
F4,201500,230,47,46,0,เบี้ยประกันภัยรับล่วงหน้า,Advance Premium,209999,1,,N,23,BS_L,,,,,,,,หมายถึง เงินค่าเบี้ยประกันภัยที่รับล่วงหน้าจากผู้เอาประกันภัย
F4,201600,231,48,47,0,ค่าจ้างและค่าบำเหน็จค้างจ่าย,Commission And Brokerage Payables,209999,1,,N,23,BS_L,,,,,,,,หมายถึง ค่าธรรมเนียมในการบริหารกรมธรรม์ประกันภัยประเภทการลงทุน (Investment contracts) และค่าบำเหน็จที่บริษัทประกันชีวิต/บริษัทประกันภัยได้รับเนื่องในการประกันภัยต่อ และค่าธรรมเนียมอื่นใดที่บริษัทประกันชีวิต/บริษัทประกันภัยได้รับในการเข้าทำสัญญาประกันภัยที่ยังไม่ได้จ่ายชำระ
F4,202000,251,49,48,0,ตราสารหนี้ที่ออกและเงินกู้ยืม,Debts Issued And Borrowings,209999,1,,R,23,BS_L,"- แสดงผลใน Company Highlight & Fact Sheet
- ใช้ในการคำนวณ Interest Bearing Debt / Equity Ratio","- Displayed in the Company Highlight & Fact Sheet
- For calculation of Interest Bearing Debt / Equity Ratio",,,,,,"หมายถึง การกู้ยืมเงินจากบุคคลหรือนิติบุคคลโดยการออกตราสารหนี้ หรือการออกตราสารหนี้ เพื่อการระดมทุนทั่วไป ซึ่งออกจำหน่ายให้แก่สถาบันการเงิน นิติบุคคล และประชาชนเป็นการทั่วไป รวมทั้งการกู้ยืมเงินจากบุคคลหรือนิติบุคคลอื่นที่มิใช่สถาบันการเงิน

ตราสารหนี้ที่ออกและเงินกู้ยืม ประกอบด้วยเลขอ้างอิงที่ 49 ถึง 51"
F4,201830,241,50,49,1,หุ้นกู้,Bonds,202000,1,,N,23,BS_L,,,,,,,,หมายถึง ตราสารหนี้ที่บริษัทประกันชีวิต/บริษัทประกันภัยออกให้แก่ผู้ถือหุ้นกู้ตามที่สำนักงานคณะกรรมการกำกับหลักทรัพย์และตลาดหลักทรัพย์กำหนด โดยผู้ถือมีสิทธิได้รับชำระงินต้นและดอกเบี้ย และสิทธิในการเข้าร่วมประชุมและออกเสียงลงคะแนนในการประชุมผู้ถือหุ้นกู้ หุ้นกู้ดังกล่าวอาจะมีหลายประเภทขึ้นอยู่กับประเภทที่ระบุในแบบแสดงรายการข้อมูลการเสนอขายตราสารหนี้ เช่น หุ้นนกู้ด้อยสิทธิ หุ้นกู้ไม่ด้อยสิทธิ หุ้นกู้แปลงสภาพ เป็นต้น
F4,201840,243,51,50,1,หุ้นกู้ที่มีลักษณะคล้ายทุน,Perpetual Bonds,202000,1,,N,23,BS_L,ตราสารหนี้ที่มีลักษณะคล้ายทุน ซึ่งเข้าเงื่อนไขของการจัดประเภทเป็นหนี้สิน,For perpetual bond or equity instrument issued that are classified as liabilities,,,,,,หมายถึง ตราสารหนี้ที่บริษัทประกันชีวิต/บริษัทประกันภัยออกให้แก่ผู้ถือตราสารโดยการกำหนดสิทธิของผู้ถือตราสารไว้ด้อยกว่าสิทธิของเจ้าหนี้สามัญทั่วไป ซึ่งลักษณะ ระยะเวลาการจ่ายชำระของผู้ออกตราสาร และเงื่อนไข รวมถึงข้อกำหนดสิทธิของผู้ถือตราสารจะเป็นไปตามที่ระบุไว้ในแบบแสดงรายการข้อมูลการเสนอขายตราสารหนี้ เช่น ประเภทของตราสาร การระบุระยะเวลาการไถ่ถอน และการระบุระยะเวลาการจ่ายชำระดอกเบี้ย เป็นต้น ซึ่งโดยทั่วไปจะไม่มีการกำหนดระยะเวลาการไถ่ถอนที่แน่นอน ทั้งนี้ เฉพาะตราสารหนี้ที่มีลักษณะคล้ายทุนที่บริษัทประกันชีวิต/บริษัทประกันภัยจัดประเภทรายการเป็นหนี้สินทางการเงิน
F4,202090,252,52,51,1,ตราสารหนี้ที่ออกและเงินกู้ยืม - อื่น ๆ,Debts Issued And Borrowings - Others,202000,1,,N,23,BS_L,,,,,,,,หมายถึง เงินกู้ยืมเงินจากบุคคลหรือนิติบุคคลโดยการออกตราสารหนี้ นอกเหนือจากเลขอ้างอิงที่ 49 ถึง 50
F4,202100,253,53,52,0,หนี้สินอนุพันธ์,Derivative Liabilities,209999,1,,N,23,BS_L,รวมถึง อนุพันธ์เพื่อค้าและเพื่อป้องกันความเสี่ยง (ที่ไม่ได้เลือกใช้การบัญชีป้องกันความเสี่ยง) และ อนุพันธ์ที่ปฏิบัติตามวิธีการบัญชีป้องกันความเสี่ยง,"Include trading and hedging derivatives (not applying hedge accounting), and derivatives for hedging that the company has chosen to apply hedge accounting",,,,,,"หมายถึง มูลค่ายุติธรรมของตราสารอนุพันธ์ หรือส่วนปรับมูลค่าของตราสารอนุพันธ์ที่มีผลสุทธิเป็นขาดทุนของตราสารอนุพันธ์เพื่อค้า และตราสารอนุพันธ์ที่ถือไว้เพื่อป้องกันความเสี่ยง รวมถึงอนุพันธ์แฝงที่บริษัทประกันชีวิต/บริษัทประกันภัยรับรู้แยกออกมาจากสัญญาหลัก

สินทรัพย์อนุพันธ์ ประกอบด้วยรายการดังต่อไปนี้
1. อนุพันธ์เพื่อค้าและเพื่อป้องกันความเสี่ยง (ไม่ได้เลือกใช้การบัญชีป้องกันความเสี่ยง) หมายถึง ตราสารอนุพันธ์ที่บริษัทประกันชีวิต/บริษัทประกันภัยถือไว้เพื่อค้า ที่บริษัทประกันชีวิต/บริษัทประกันภัยถือไว้เพื่อป้องกันความเสี่ยงของบริษัทโดยไม่ได้เลือกปฏิบัติตามการบัญชีป้องกันความเสี่ยง ซึ่งรวมถึงการทำสัญญาอนุพันธ์ที่ทำกับลูกค้า และอนุพันธ์แฝงที่แยกออกจากสัญญาหลักได้ โดยมีลักษณะทุกข้อต่อไปนี้ 
1.1 มูลค่าของอนุพันธ์ดังกล่าวจะผันแปรไปตามอัตราดอกเบี้ย ราคาของตราสารการเงิน ราคาสินค้าโภคภัณฑ์ อัตราแลกเปลี่ยน ดัชนีราคาหรือดัชนีอื่น ตัวอย่างเช่น อันดับความน่าเชื่อถือ หรือตัวแปรอื่นใด 
1.2 ไม่มีการจ่ายเงินลงทุนสุทธิเมื่อเริ่มแรก หรือจ่ายด้วยจำนวนเพียงเล็กน้อยเมื่อเทียบกับมูลค่าของสัญญาประเภทอื่น ซึ่งมีการตอบสนองในลักษณะเดียวกันของปัจจัยตลาด 
1.3 มีกำหนดการรับหรือการจ่ายชำระในอนาคต

2. อนุพันธ์เพื่อการบัญชีป้องกันความเสี่ยง หมายถึง อนุพันธ์ที่บริษัทประกันชีวิต/บริษัทประกันภัยถือไว้โดยมีวัตถุประสงค์เพื่อใช้ในการป้องกันความเสี่ยง และบริษัทประกันชีวิต/บริษัทประกันภัยเลือกปฏิบัติตามวิธีการบัญชีป้องกันความเสี่ยง (ตามที่กำหนดไว้ในมาตรฐานการรายงานทางการเงิน ฉบับที่ 9 เรื่อง เครื่องมือทางการเงิน)"
F4,202200,257,54,53,0,หนี้สินทางการเงินอื่น,Other Financial Liabilities,209999,1,,N,23,BS_L,,,,,,,,หมายถึง หนี้สินทางการเงินอื่น นอกจากที่กำหนดให้แสดงไว้ในเลขอ้างอิงที่ 42 ถึง 52
F4,203000,283,55,54,0,ภาษีเงินได้นิติบุคคลค้างจ่าย,Income Tax Payable,209999,1,,N,23,BS_L,,,,,,,,หมายถึง จำนวนภาษีเงินได้นิติบุคคลที่ต้องชำระ โดยคำนวณจากกำไร (ขาดทุน) ทางภาษีสำหรับงวดสุทธิจากเครดิตภาษี
F4,204000,288,56,55,0,เจ้าหนี้ที่เกิดจากภาษีอื่นหรือรายการอื่นภายใต้กฎหมาย,Other Tax Or Other Payables Under Law And Regulations,209999,1,,R,23,BS_L,,,,,,,,"หมายถึง เจ้าหนี้ที่เกิดจากภาษีอื่นหรือรายการอื่นภายใต้กฎหมายซึ่งบังคับใช้กับบริษัทประกันชีวิต/บริษัทประกันภัย ที่บริษัทประกันชีวิต/บริษัทประกันภัยต้องชำระคืน ที่นอกเหนือจากเลขอ้างอิงที่ 54

เจ้าหนี้ที่เกิดจากภาษีอื่นหรือรายการอื่นภายใต้กฎหมาย ประกอบด้วยเลขอ้างอิงที่ 56 ถึง 57"
F4,204010,290,57,56,1,เจ้าหนี้ภาษีค้างจ่าย,Other Tax Payables,204000,1,,N,23,BS_L,รวมถึง รวมถึง จำนวนค้างจ่ายหรือรอนำส่งของภาษีธุรกิจเฉพาะ ภาษีมูลค่าเพิ่มรอนำส่ง ภาษีสรรพสามิต ค่าอากรจ่ายแก่กรมศุลกากร ภาษีเงินได้หัก ณ ที่จ่าย,"Include payables for special business tax, value added tax, excise tax , customs duty, withholding tax",,,,,,หมายถึง ค่าภาษีหรืออากรค้างจ่าย เช่น ภาษีมูลค่าเพิ่มรอนำส่ง ภาษีสรรพสามิต ค่าอากรจ่ายแก่กรมศุลกากร ภาษีเงินได้หัก ณ ที่จ่ายค้างจ่าย ที่บริษัทประกันชีวิต/บริษัทประกันภัยคาดว่าจะต้องจ่ายคืน
F4,204090,300,58,57,1,เจ้าหนี้ที่เกิดจากภาษีอื่นหรือรายการอื่นภายใต้กฎหมาย - อื่น ๆ,Other Tax Or Other Payables Under Law And Regulations - Others,204000,1,,N,23,BS_L,,,,,,,,หมายถึง เจ้าหนี้ที่เกิดจากภาษีอื่นหรือรายการอื่นภายใต้กฎหมายซึ่งบังคับใช้กับบริษัทประกันชีวิต/บริษัทประกันภัย ที่บริษัทประกันชีวิต/บริษัทประกันภัยต้องชำระคืน นอกเหนือจากเลขอ้างอิงที่ 56 ถึง 57
F4,202400,272,59,58,0,หนี้สินตามสัญญาเช่า,Lease Liabilities,209999,1,,N,23,BS_L,ใช้ในการคำนวณ Interest Bearing Debt / Equity Ratio,For calculation of Interest Bearing Debt / Equity Ratio,,,,,,หมายถึง หนี้สินจากสัญญาเช่า ทั้งนี้ให้เป็นไปตามมาตรฐานการรายงานทางการเงินที่เกี่ยวข้อง
F4,202700,278,60,59,0,ประมาณการหนี้สินผลประโยชน์พนักงาน,Employee Benefit Obligations,209999,1,,N,23,BS_L,รวมถึง ประมาณการหนี้สินผลประโยชน์ของพนักงานหลังออกจากงานหรือผลประโยชน์เมื่อเลิกจ้าง และผลประโยชน์ระยะยาวอื่น,"Include post-employment benefits obligations, or obligations on termination benefits and other long-term benefits obligations",,,,,,"หมายถึง ผลประโยชน์ทุกรูปแบบที่บริษัทประกันชีวิต/บริษัทประกันภัยให้แก่พนักงานเพื่อแลกเปลี่ยนกับบริการที่ได้รับจากพนักงาน ซึ่งบริษัทประกันชีวิต/บริษัทประกันภัยมีภาระผูกพันที่ต้องจ่ายให้แก่พนักงาน ซึ่งคาดว่าจะต้องจ่ายชำระ และ/หรือ มีความไม่แน่นอนเกี่ยวกับจังหวะเวลา และ/หรือ จำนวนที่ต้องจ่ายชำระ โดยแบ่งเป็น
1. ผลประโยชน์ระยะสั้นของพนักงาน หมายถึง ผลประโยชน์ของพนักงาน (ซึ่งมิใช่ผลประโยชน์เมื่อเลิกจ้าง) ซึ่งมีกำหนดจ่ายชำระภายใน 12 เดือน นับจากวันสิ้นงวดการให้บริการ
2. ผลประโยชน์หลังออกจากงาน หมายถึง ผลประโยชน์ของพนักงาน (ที่มิใช่ผลประโยชน์เมื่อเลิกจ้าง) ซึ่งมีการจ่ายหลังจากการจ้างงานสิ้นสุดลง
3. ผลประโยชน์เมื่อเลิกจ้าง หมายถึง ผลประโยชน์ของพนักงานที่จะจ่ายซึ่งเป็นผลจากการตัดสินใจของบริษัทประกันชีวิต/บริษัทประกันภัยที่จะเลิกจ้างพนักงานก่อนวันเกษียณอายุตามปกติ หรือ การตัดสินใจของพนักงานที่ยอมรับจะออกจากงานโดยสมัครใจเพื่อแลกเปลี่ยนกับผลประโยชน์ดังกล่าว"
F4,202800,280,61,60,0,ประมาณการหนี้สิน,Provisions,209999,1,,N,23,BS_L,แสดงผลใน Company Highlight & Fact Sheet,Displayed in the Company Highlight & Fact Sheet,,,,,,หมายถึง ประมาณการหนี้สินอื่น ที่มีความไม่แน่นอนเกี่ยวกับจังหวะเวลา และ/หรือจำนวนที่ต้องจ่ายชำระ นอกเหนือจากเลขอ้างอิงที่ 59 “ประมาณการหนี้สินผลประโยชน์พนักงาน”
F4,202900,282,62,61,0,หนี้สินที่เกี่ยวข้องโดยตรงกับสินทรัพย์ไม่หมุนเวียน และ/หรือ กลุ่มสินทรัพย์ที่ยกเลิกซึ่งถือไว้เพื่อขาย,Liabilities Directly Associated With Non-Current Assets And/Or The Disposal Group Held For Sale,209999,1,,N,23,BS_L,,,,,,,,หมายถึง หนี้สินที่เกี่ยวข้องโดยตรงกับสินทรัพย์ไม่หมุนเวียน และ/หรือ กลุ่มสินทรัพย์ที่ยกเลิกซึ่งถือไว้เพื่อขายที่แยกแสดงไว้เป็นเลขอ้างอิงที่ 37 สินทรัพย์ไม่หมุนเวียน และ/หรือ กลุ่มสินทรัพย์ที่ยกเลิกซึ่งถือไว้เพื่อขาย
F4,203100,284,63,62,0,ส่วนแบ่งผลขาดทุนที่เกินกว่าเงินลงทุนในบริษัทย่อย บริษัทร่วม และการร่วมค้า,"Excess Loss Over Cost Of Investment In Subsidiaries, Associates And Joint Ventures",209999,1,,N,23,BS_L,,,,,,,,หมายถึง ภาระผูกพันที่เกิดจากเงินลงทุนหรือส่วนได้เสียในบริษัทย่อย บริษัทร่วม และการร่วมค้า หรือส่วนแบ่งผลขาดทุนในส่วนที่เกินกว่าจำนวนเงินลงทุนและส่วนได้เสียระยะยาวในบริษัท บริษัทร่วม และการร่วมค้า ตามวิธีส่วนได้เสีย หากบริษัทผู้ลงทุนต้องร่วมรับส่วนแบ่งผลขาดทุนนั้น
F4,203200,286,64,63,0,หนี้สินภาษีเงินได้รอตัดบัญชี,Deferred Tax Liabilities,209999,1,,N,23,BS_L,,,,,,,,หมายถึง จำนวนภาระผูกพันที่บริษัทประกันชีวิต/บริษัทประกันภัยต้องจ่ายชำระเกี่ยวกับภาษีเงินได้ในอนาคต ในส่วนที่เกิดจากผลแตกต่างชั่วคราวที่ต้องเสียภาษี
F4,202500,274,65,64,0,ค่าใช้จ่ายค้างจ่าย,Accrued Expenses,209999,1,,N,23,BS_L,แสดงผลใน Company Highlight & Fact Sheet,Displayed in the Company Highlight & Fact Sheet,,,,,,หมายถึง จำนวนเงินที่บริษัทประกันชีวิต/บริษัทประกันภัยค้างชำระค่าสินค้าหรือค่าบริการที่ซื้อมา ซึ่งยังไม่ได้รับใบแจ้งหนี้จากผู้ขายหรือผู้ให้บริการ
F4,209900,302,66,65,0,หนี้สินอื่น,Other Liabilities,209999,1,,N,23,BS_L,แสดงผลใน Company Highlight & Fact Sheet,Displayed in the Company Highlight & Fact Sheet,,,,,,หมายถึง หนี้สินอื่น นอกเหนือจากเลขอ้างอิงที่ 42 ถึง 64 
F4,209999,299,67,66,0,รวมหนี้สิน,Total Liabilities,309999,1,BU,NV,23,BS_L,"ใช้ในการคำนวณ Enterprise Value: EV, Debt/Equity Ratio","For calculation of Enterprise Value: EV, Debt/Equity Ratio",,,Y,,,รวมหนี้สิน เป็นผลรวมของเลขอ้างอิงที่ 42 ถึง 65
F4,300000,T7,68,67,0,ส่วนของผู้ถือหุ้น,Equity,No,,B Fix,T,,BS_OE,,,,,,,,ส่วนของผู้ถือหุ้น ประกอบด้วยเลขอ้างอิงที่ 68 ถึง 106
F4,310100,351,69,68,0,ทุนจดทะเบียน,Authorised Share Capital,No,,,R,23,BS_OE,แสดงผลใน Company Highlight & Fact Sheet,Displayed in the Company Highlight & Fact Sheet,,,,,,"หมายถึง ทุนที่จดทะเบียนตามกฎหมายของบริษัทประกันชีวิต/บริษัทประกันภัย ให้แสดงชนิดของหุ้น ตามประเภทที่จดทะเบียน ประกอบด้วยหุ้นบุริมสิทธิ (Preference shares) และหุ้นสามัญ (Ordinary shares)

ทุนจดทะเบียน ประกอบด้วยเลขอ้างอิงที่ 69 ถึง 70"
F4,310110,353,70,69,1,หุ้นบุริมสิทธิจดทะเบียน,Authorised Preference Shares,310100,1,,N,23,BS_OE,,,,,,,,หมายถึง หุ้นบุริมสิทธิตามที่จดทะเบียน
F4,310120,354,71,70,1,หุ้นสามัญจดทะเบียน,Authorised Ordinary Shares,310100,1,,N,23,BS_OE,,,,,,,,หมายถึง หุ้นสามัญตามที่จดทะเบียน
F4,310200,356,72,71,0,ทุนที่ออกและชำระแล้ว,Issued And Paid-Up Share Capital,319999,1,,R,23,BS_OE,แสดงผลใน Company Highlight & Fact Sheet,Displayed in the Company Highlight & Fact Sheet,,,,,,"หมายถึง จำนวนหุ้นและมูลค่าหุ้นที่นำออกจำหน่ายและเรียกให้ชำระมูลค่าหุ้นแล้ว ให้แสดงเป็นหุ้นแต่ละชนิด ประกอบด้วยหุ้นบุริมสิทธิ (Preference shares) และหุ้นสามัญ (Ordinary shares)

ทุนที่ออกและชำระแล้ว ประกอบด้วยเลขอ้างอิงที่ 72 ถึง 73"
F4,310210,358,73,72,1,หุ้นบุริมสิทธิชำระแล้ว,Paid-Up Preference Shares,310200,1,,N,23,BS_OE,"ใช้ในการคำนวณ Enterprise Value: EV, BVPS","For calculation of Enterprise Value: EV, BVPS",,,,,,หมายถึง หุ้นบุริมสิทธิที่ออกจำหน่ายและเรียกชำระแล้ว
F4,310220,359,74,73,1,หุ้นสามัญชำระแล้ว,Paid-Up Ordinary Shares,310200,1,,N,23,BS_OE,ใช้ในการคำนวณ Enterprise Value: EV,For calculation of Enterprise Value: EV,,,,,,หมายถึง หุ้นสามัญที่ออกจำหน่ายและเรียกชำระแล้ว
F4,310300,360,75,74,0,ใบสำคัญแสดงสิทธิ สิทธิซื้อหุ้น และสิทธิในการเลือกซื้อหุ้น,"Warrants, Options And Rights",319999,1,,N,23,BS_OE,,,,,,,,หมายถึง มูลค่าของสิทธิที่บริษัทประกันชีวิต/บริษัทประกันภัยออกให้แก่ผู้ถือหุ้นในการซื้อหุ้นสามัญหรือหุ้นบุริมสิทธิของบริษัท
F4,310400,361,76,75,0,ส่วนเกิน (ต่ำกว่า) มูลค่าหุ้น,Premium (Discount) On Share Capital,319999,1,,N,123,BS_OE,แสดงผลใน Company Highlight & Fact Sheet,Displayed in the Company Highlight & Fact Sheet,,,,,,"หมายถึง เงินหรือมูลค่าของสิ่งตอบแทนที่ได้รับจากการขายหุ้นส่วนที่สูงหรือต่ำกว่ามูลค่าที่ตราไว้ของหุ้นสามัญและหุ้นบุริมสิทธิ หากมีทั้งส่วนเกินและส่วนต่ำกว่ามูลค่าหุ้น สามารถนำรายการดังกล่าวมาหักกลบกันและแสดงเป็นมูลค่าสุทธิได้

ส่วนเกิน (ต่ำกว่า) มูลค่าหุ้น ประกอบด้วยเลขอ้างอิงที่ 76 ถึง 77"
F4,310410,362,77,76,1,ส่วนเกิน (ต่ำกว่า) มูลค่าหุ้นบุริมสิทธิ,Premium (Discount) On Preference Shares,310400,1,,N,123,BS_OE,,,,,,,,หมายถึง ส่วนเกินและส่วนต่ำกว่ามูลค่าที่ตราไว้ เมื่อเทียบกับจำนวนที่ได้รับจากการออกหุ้นบุริมสิทธิ
F4,310420,363,78,77,1,ส่วนเกิน (ต่ำกว่า) มูลค่าหุ้นสามัญ,Premium (Discount) On Ordinary Shares,310400,1,,N,123,BS_OE,,,,,,,,หมายถึง ส่วนเกินและส่วนต่ำกว่ามูลค่าที่ตราไว้ เมื่อเทียบกับจำนวนที่ได้รับจากการออกหุ้นสามัญ
F4,310500,364,79,78,0,หุ้นกู้ที่มีลักษณะคล้ายทุน,Perpetual Bonds,319999,1,,N,23,BS_OE,รวมถึงตราสารหนี้ที่ออก ซึ่งเข้าเงื่อนไขของการจัดประเภทเป็นส่วนของทุน,For perpetual bond or debt instruments issued that are classified as equity,,,,,,หมายถึง ตราสารที่บริษัทประกันชีวิต/บริษัทประกันภัยออกให้แก่ผู้ถือตราสารโดยการกำหนดสิทธิของผู้ถือตราสารไว้ด้อยกว่าสิทธิของเจ้าหนี้สามัญทั่วไป ซึ่งลักษณะ ระยะเวลาการจ่ายชำระของผู้ออกตราสาร และเงื่อนไขรวมถึงข้อกำหนดสิทธิของผู้ถือตราสารจะเป็นไปตามที่ระบุไว้ในแบบแสดงรายการข้อมูลการเสนอขายตราสาร เช่น ประเภทของตราสาร การระบุระยะเวลาการไถ่ถอน และการระบุระยะเวลาการจ่ายชำระดอกเบี้ย เป็นต้น ซึ่งโดยทั่วไปจะไม่มีการกำหนดระยะเวลาการไถ่ถอนที่แน่นอน ทั้งนี้  เฉพาะในกรณีที่เข้าเงื่อนไขของการจัดประเภทเป็นส่วนของทุน
F4,310600,365,80,79,0,กำไร (ขาดทุน) สะสม,Retained Earnings (Deficits),319999,1,,N,123,BS_OE,แสดงผลใน Company Highlight & Fact Sheet,Displayed in the Company Highlight & Fact Sheet,,,,,,กำไร (ขาดทุน) สะสม ประกอบด้วยเลขอ้างอิงที่ 80 และ 84
F4,310610,366,81,80,1,กำไรสะสม - จัดสรรแล้ว,Retained Earnings - Appropriated,310600,1,,R,23,BS_OE,,,,,,,,"หมายถึง กำไรสะสมในส่วนที่จัดสรรไว้

กำไรสะสม - จัดสรรแล้ว เป็นประกอบด้วยเลขอ้างอิงที่ 81 ถึง 83"
F4,310611,367,82,81,2,สำรองตามกฎหมาย,Legal And Statutory Reserves,310610,1,,N,23,BS_OE,,,,,,,,หมายถึง สำรองที่กันไว้จากกำไรสุทธิ ตามกฎหมาย
F4,310612,368,83,82,2,สำรองหุ้นทุนซื้อคืน,Reserve For Treasury Shares,310610,1,,N,23,BS_OE,,,,,,,,หมายถึง  สำรองที่จัดสรรไว้เพื่อเป็นทุนสำรองสำหรับการซื้อหุ้นทุนของบริษัทประกันชีวิต/บริษัทประกันภัยกลับมาในภายหลัง
F4,310619,369,84,83,2,สำรองอื่น ๆ,Other Reserves,310610,1,,N,23,BS_OE,รวมถึง กำไรสะสมที่จัดสรรไว้เพื่อเป็นทุนสำรองสำหรับการรักษาระดับเงินปันผล กำไรสะสมที่จัดสรรไว้เพื่อเป็นทุนสำรองสำหรับการขยายบริษัท หรือตามเงื่อนไขของภาระผูกพันอื่น ๆ,"Include reserves set to maintain dividends, to expand the business or according to the conditions of the obligation",,,,,,หมายถึง จำนวนที่จัดสรรจากกำไรสุทธิหรือกำไรสะสมเพื่อการใด ๆ ตามมติที่ประชุมผู้ถือหุ้น นอกเหนือจากเลขอ้างอิงที่ 81 และ 82   ที่ได้แยกแสดงตามรายการข้างต้น เช่น กำไรสะสมที่จัดสรรไว้เพื่อเป็นทุนสำรองสำหรับการรักษาระดับเงินปันผล กำไรสะสมที่จัดสรรไว้เพื่อเป็นทุนสำรองสำหรับการขยายบริษัท หรือตามเงื่อนไขของภาระผูกพันอื่น ๆ เป็นต้น
F4,310620,370,85,84,1,กำไร (ขาดทุน) สะสม - ยังไม่ได้จัดสรร,Retained Earnings (Deficits) - Unappropriated,310600,1,,N,123,BS_OE,,,,,,,,หมายถึง กำไร (ขาดทุน) สะสมเมื่อสิ้นรอบระยะเวลารายงาน ที่คงเหลือหลังจากหักจำนวนที่ได้มีการจัดสรรแล้ว
F4,900004,900004,86,84.1,0,หุ้นทุนรับซื้อคืน / หุ้นของบริษัทที่ถือโดยบริษัทย่อย (มาตรฐานเดิม),Treasury Shares / Shares Of The Company Held By Subsidiaries (Amended Account),319999,-1,,N,23,BS_OE,,,,,,,,#N/A
F4,310700,371,87,85,0,หุ้นทุนซื้อคืน,Treasury Shares,319999,-1,,N,23,BS_OE,แสดงผลใน Company Highlight & Fact Sheet,Displayed in the Company Highlight & Fact Sheet,,,,,,หมายถึง หุ้นสามัญ หุ้นบุริมสิทธิ และตราสารทุนอื่นที่มีสิทธิและลักษณะเทียบเท่าหุ้นสามัญของบริษัทประกันชีวิต/บริษัทประกันภัยที่ออกจำหน่ายแล้ว และบริษัทได้ซื้อคืนกลับมาในภายหลัง หุ้นทุนซื้อคืนไม่ได้เป็นสินทรัพย์ของบริษัทประกันชีวิต/บริษัทประกันภัย แต่เป็นการลดสิทธิเรียกร้องของผู้ถือหุ้นในสินทรัพย์ของบริษัทประกันชีวิต/บริษัทประกันภัยโดยให้แสดงเป็นรายการหักจากส่วนของเจ้าของ ด้วยราคาทุนที่จ่ายเพื่อซื้อหุ้นทุนกลับคืน
F4,310800,372,88,86,0,หุ้นของบริษัทที่ถือโดยบริษัทย่อย,Shares Of The Company Held By Subsidiaries,319999,-1,,N,23,BS_OE,"- แสดงผลใน Company Highlight & Fact Sheet
- รวมถึง หุ้นของบริษัทซึ่งบริษัทย่อยของบริษัทได้ซื้อคืนกลับมา","- Displayed in the Company Highlight & Fact Sheet
- Include the company's shares held by its subsidiaries",,,,,,หมายถึง หุ้นสามัญ หุ้นบุริมสิทธิและตราสารทุนอื่นที่มีสิทธิและลักษณะเทียบเท่าหุ้นสามัญของบริษัทประกันชีวิต/บริษัทประกันภัยซึ่งบริษัทย่อยของบริษัทประกันชีวิต/บริษัทประกันภัยได้ซื้อคืนกลับมา หุ้นของบริษัทประกันชีวิต/บริษัทประกันภัยที่ถือโดยบริษัทย่อยให้แสดงเป็นรายการหักจากส่วนของเจ้าของ
F4,319900,374,89,87,0,องค์ประกอบอื่นของส่วนของผู้ถือหุ้น,Other Components Of Equity,319999,1,,R,123,BS_OE,,,,,,,,"หมายถึง ผลสะสมเมื่อสิ้นรอบระยะเวลารายงานของ กำไรขาดทุนเบ็ดเสร็จอื่น และรายการอื่นของการเปลี่ยนแปลงที่เกิดจากเจ้าของ (Owner changes) นอกเหนือจากเลขอ้างอิงที่ 68 ถึง 86

องค์ประกอบอื่นของส่วนของผู้ถือหุ้น ประกอบด้วยเลขอ้างอิงที่ 88 ถึง 103"
F4,319910,375,90,88,1,ส่วนเกิน (ต่ำกว่า) ทุน,Surplus (Deficits),319900,1,,R,123,BS_OE,,,,,,,,"หมายถึง ส่วนเกิน (ต่ำกว่า) ทุน ที่เกิดจากรายการอื่น ๆ ที่ไม่เกี่ยวข้องกับการจำหน่ายหุ้น

ส่วนเกิน (ต่ำกว่า) ทุน ประกอบด้วยเลขอ้างอิงที่ 89 ถึง 98"
F4,319911,376,91,89,2,ส่วนเกิน (ต่ำกว่า) ทุนจากหุ้นทุนซื้อคืน,Surplus (Deficits) From Treasury Shares,319910,1,,N,123,BS_OE,,,,,,,,หมายถึง ผลต่างจากการที่บริษัทประกันชีวิต/บริษัทประกันภัยสามารถจำหน่ายหรือออกหุ้นทุนซื้อคืนในมูลค่าที่สูงกว่า (ต่ำกว่า) ราคาทุนที่บริษัทประกันชีวิต/บริษัทประกันภัยซื้อหุ้นทุนกลับคืนมา ทั้งนี้ส่วนเกิน (ต่ำกว่า) ทุนหุ้นทุนซื้อคืนต้องเป็นยอดสุทธิจากส่วนต่ำกว่า (ส่วนเกิน) ทุนหุ้นทุนซื้อคืนประเภทเดียวกัน
F4,319912,377,92,90,2,ส่วนเกินทุนจากการตีราคาสินทรัพย์ถาวร,Surplus From Revaluation Of Fixed Assets,319910,1,,N,23,BS_OE,,,,,,,,หมายถึง ส่วนเกินทุนจากการตีราคาของสินทรัพย์ถาวร ซึ่งแสดงเป็นยอดสุทธิจากจำนวนที่ลดลงจากส่วนเกินทุนจากการตีราคา
F4,319913,378,93,91,2,ส่วนเกิน (ต่ำกว่า) ทุนจากการวัดมูลค่าเงินลงทุนในตราสารหนี้ด้วยมูลค่ายุติธรรมผ่านกำไรขาดทุนเบ็ดเสร็จอื่น,Surplus (Deficits) From Measurement Of Investment In Debt Instruments Through Other Comprehensive Income,319910,1,,N,123,BS_OE,,,,,,,,หมายถึง ส่วนต่างระหว่างมูลค่าที่คำนวณตามวิธีราคาทุนตัดจำหน่ายกับมูลค่ายุติธรรมของเงินลงทุนในตราสารหนี้ที่รับรู้ผ่านกำไรขาดทุนเบ็ดเสร็จอื่น
F4,319914,379,94,92,2,ส่วนเกิน (ต่ำกว่า) ทุนจากการวัดมูลค่าเงินลงทุนในตราสารทุนด้วยมูลค่ายุติธรรมผ่านกำไรขาดทุนเบ็ดเสร็จอื่น,Surplus (Deficits) From Measurement Of Investment In Equity Instruments Through Other Comprehensive Income,319910,1,,N,123,BS_OE,,,,,,,,หมายถึง ส่วนต่างระหว่างราคาทุนกับมูลค่ายุติธรรมของเงินลงทุนในตราสารทุนที่วัดมูลค่าด้วยมูลค่ายุติธรรมผ่านกำไรขาดทุนเบ็ดเสร็จอื่น
F4,319915,380,95,93,2,ส่วนเกิน (ต่ำกว่า) ทุนจากหนี้สินทางการเงินที่กำหนดให้วัดมูลค่ายุติธรรมผ่านกำไรขาดทุนอันเนื่องมาจากความเสี่ยงด้านเครดิต,Surplus (Deficits) From Changes In Own Credit Risk Of Financial Liabilities Designated At Fair Value Through Profit Or Loss,319910,1,,N,123,BS_OE,เฉพาะในส่วนที่เกิดจากการเปลี่ยนแปลงด้านเครดิต,Only the portion of changes in own credit risk,,,,,,หมายถึง ส่วนต่างที่เกิดจากการเปลี่ยนแปลงในมูลค่ายุติธรรมของหนี้สินทางการเงิน เฉพาะในส่วนที่เกิดจากการเปลี่ยนแปลงด้านเครดิต
F4,319916,381,96,94,2,ส่วนเกิน (ต่ำกว่า) ทุนจากการรวมธุรกิจภายใต้การควบคุมเดียวกัน,Surplus (Deficits) From Business Combinations Under Common Control,319910,1,,N,123,BS_OE,,,,,,,,หมายถึง ส่วนต่างระหว่างจำนวนที่จ่ายไปเพื่อการรวมธุรกิจภายใต้การควบคุมเดียวกัน (ซึ่งคือผลรวมของมูลค่ายุติธรรมของสินทรัพย์ที่ให้ไป หนี้สินที่เกิดขึ้นหรือรับมา และตราสารทุนที่ออกโดยผู้ซื้อ ณ วันที่มีการแลกเปลี่ยนเพื่อให้ได้มาซึ่งการควบคุม) กับส่วนได้เสียของผู้ซื้อในมูลค่าตามบัญชีของกิจการที่ถูกนำมารวม ซึ่งรับรู้โดยตรงในส่วนของเจ้าของ
F4,319917,382,97,95,2,ส่วนเกิน (ต่ำกว่า) ทุนจากการทำสัญญาป้องกันความเสี่ยงจากกระแสเงินสด,Surplus (Deficits) From Cash Flow Hedges,319910,1,,N,123,BS_OE,เฉพาะส่วนที่มีประสิทธิผล,Only effective portion,,,,,,หมายถึง ผลสะสมของกำไร (ขาดทุน) จากการวัดมูลค่ายุติธรรมเครื่องมือที่ใช้ในการป้องกันความเสี่ยงในกระแสเงินสด เฉพาะส่วนที่มีประสิทธิผล
F4,319918,383,98,96,2,ส่วนเกิน (ต่ำกว่า) ทุนจากการวัดมูลค่าเงินลงทุนที่วัดมูลค่ายุติธรรมผ่านกำไรขาดทุนเบ็ดเสร็จอื่น,Surplus (Deficits) From Changes In Fair Value Of Investments Through Other Comprehensive Income,319910,1,,N,123,BS_OE,,,,,,,,หมายถึง ส่วนต่างระหว่างราคาทุนกับมูลค่ายุติธรรมของเงินลงทุนที่วัดมูลค่าด้วยมูลค่ายุติธรรมผ่านกำไรขาดทุนเบ็ดเสร็จอื่น
F4,319921,386,99,97,2,ส่วนเกิน (ต่ำกว่า) ทุนจากการเปลี่ยนแปลงส่วนได้เสียในความเป็นเจ้าของในบริษัทย่อย,Surplus (Deficits) From Changes In Interest In Subsidiaries,319910,1,,N,123,BS_OE,สำหรับรายการที่บริษัทใหญ่ไม่ได้สูญเสียการควบคุมในบริษัทย่อย (รายการกับเจ้าของในฐานะที่เป็นเจ้าของ),For the transaction that the parent company does not lose control in the subsidiary (transaction with equity owners),,,,,,หมายถึง ส่วนต่างระหว่างมูลค่ายุติธรรมของจำนวนที่จ่ายไปหรือรับมา และจำนวนส่วนได้เสียที่ไม่มีอำนาจควบคุมที่ปรับปรุงจากการเปลี่ยนแปลงส่วนได้เสียในความเป็นเจ้าของของบริษัทใหญ่ในบริษัทย่อยที่บริษัทใหญ่ไม่ได้สูญเสียการควบคุมในบริษัทย่อย (รายการกับเจ้าของในฐานะที่เป็นเจ้าของ)
F4,319919,384,100,98,2,ส่วนเกิน (ต่ำกว่า) ทุน - อื่น ๆ,Surplus (Deficits) - Others,319910,1,,N,123,BS_OE,,,,,,,,หมายถึง ส่วนเกิน (ต่ำกว่า) ทุน รายการอื่น ๆ นอกเหนือจากเลขอ้างอิงที่ 88 ถึง 97
F4,319920,385,101,99,1,ส่วนของทุนที่เกิดจากรายการจ่ายโดยใช้หุ้นเป็นเกณฑ์,Share-Based Payment Transactions,319900,1,,N,23,BS_OE,,,,,,,,หมายถึง การเพิ่มขึ้นของส่วนของเจ้าของสำหรับการจ่ายโดยใช้หุ้นเป็นเกณฑ์ประเภทการจ่ายชำระด้วยตราสารทุน (Equity-settled share-based payments)
F4,319930,387,102,100,1,ส่วนของทุนที่เกิดจากรายการการซื้อธุรกิจแบบย้อนกลับ,Reverse Acquisitions,319900,1,,N,123,BS_OE,,,,,,,,หมายถึง ส่วนของทุนที่เกิดจากการที่บริษัทประกันชีวิต/บริษัทประกันภัยมีการซื้อธุรกิจแบบย้อนกลับ (ซึ่งคือผู้ซื้อตามกฎหมาย ซึ่งในหลายกรณีคือบริษัทที่จัดทำงบการเงินรวม จะรับรู้รายการประหนึ่งว่า บริษัทที่เป็นผู้ซื้อนั้นคือบริษัทผู้ถูกซื้อตามกฎหมาย หรือเป็นบริษัทผู้ซื้อทางบัญชี ทำรายการซื้อบริษัทของผู้ซื้อทางกฎหมาย หรือผู้ถูกซื้อทางบัญชี)  ส่วนต่างที่เกิดขึ้นจะรับรู้เป็นส่วนของทุนที่เกิดจากรายการการซื้อธุรกิจแบบย้อนกลับ
F4,319940,388,103,101,1,เงินรับล่วงหน้าค่าหุ้น,Share Subscription Received In Advance,319900,1,,N,23,BS_OE,,,,,,,,หมายถึง เงินหรือมูลค่าของสิ่งตอบแทนที่ได้รับล่วงหน้าจากผู้ลงทุนเพื่อจ่ายชำระค่าหุ้น
F4,319950,389,104,102,1,ผลต่างอัตราแลกเปลี่ยนจากการแปลงค่างบการเงิน,Currency Translation Adjustments,319900,1,,N,123,BS_OE,รวมผลจากการป้องกันความเสี่ยงในเงินลงทุนสุทธิในหน่วยงานต่างประเทศ เฉพาะส่วนที่มีประสิทธิผลในหน่วยงานในต่างประเทศ,Include effective portion of net investment hedge of foreign operations,,,,,,หมายถึง ผลต่างของอัตราแลกเปลี่ยนจากการแปลงค่างบการเงินที่เป็นเงินตราต่างประเทศของหน่วยงานในต่างประเทศ ซึ่งรวมถึงผลจากการป้องกันความเสี่ยงในเงินลงทุนสุทธิในหน่วยงานต่างประเทศ เฉพาะส่วนที่มีประสิทธิผลในหน่วยงานในต่างประเทศ หมายถึง บริษัทย่อย บริษัทร่วม การร่วมค้า หรือสาขาของบริษัทประกันชีวิต/บริษัทประกันภัยที่เสนอรายงาน ซึ่งมีกิจกรรมหรือการประกอบกิจกรรมในประเทศอื่น หรือในสกุลเงินอื่น นอกจากประเทศหรือสกุลเงินของบริษัทประกันชีวิต/บริษัทประกันภัยที่เสนอรายงาน
F4,319990,390,105,103,1,องค์ประกอบอื่นของส่วนของผู้ถือหุ้น - อื่นๆ,Other Components Of Equity - Others,319900,1,,N,123,BS_OE,,,,,,,,หมายถึง ส่วนได้เสียอื่นในความเป็นเจ้าของในบริษัทประกันชีวิต/บริษัทประกันภัยของผู้ลงทุน และส่วนของทุนอื่น ๆ นอกเหนือจากเลขอ้างอิงที่ 89 ถึง 102
F4,319999,397,106,104,0,รวมส่วนของผู้ถือหุ้นของบริษัทใหญ่,Equity Attributable To Owners Of The Parent,309998,1,B,NV,123,BS_OE,,,,,,,,รวมส่วนของผู้ถือหุ้นของบริษัทใหญ่ เป็นรายการสุทธิของเลขอ้างอิงที่ 68 ถึง 103
F4,320130,355,107,105,0,ส่วนได้เสียที่ไม่มีอำนาจควบคุม,Non-Controlling Interests,309998,1,,N,123,BS_OE,ใช้ในการคำนวณ Enterprise Value: EV,For calculation of Enterprise Value: EV,,,,งบการเงินเฉพาะกิจการไม่ควรมีค่า,Should have no value in Separate financial statements.,หมายถึง ส่วนได้เสียในบริษัทย่อยที่ไม่ได้เป็นส่วนได้เสียของบริษัทใหญ่ทั้งทางตรงและทางอ้อม เช่น บริษัทย่อยในลำดับถัดไป
F4,309998,398,108,106,0,รวมส่วนของผู้ถือหุ้น,Total Equity,309999,1,BU,NV,123,BS_OE,"ใช้ในการคำนวณ Debt/Equity Ratio, Return on Equity, BVPS","For calculation of Debt/Equity Ratio, Return on Equity, BVPS",,,Y,,,รวมส่วนของผู้ถือหุ้น เป็นผลรวมของเลขอ้างอิงที่ 104 ถึง 105
F4,309999,399,109,107,0,รวมหนี้สินและส่วนของผู้ถือหุ้น,Total Liabilities And Equity,No,,BU,NV,23,BS_OE,,,,,,,,รวมหนี้สินและส่วนของผู้ถือหุ้น เป็นผลรวมของเลขอ้างอิงที่ 66 และ 106
F4,400000,T8,110,108,0,งบกำไรขาดทุนเบ็ดเสร็จ,Statement Of Comprehensive Income,No,,B Fix,T,,PL,,,,,,,,งบกำไรขาดทุนเบ็ดเสร็จ ประกอบด้วยเลขอ้างอิงที่ 109 ถึง 173
F4,410126,497,111,109,0,เบี้ยประกันภัยรับ,Gross Premium Written,400299,1,,N,23,PL,,,,,,,,หมายถึง รายได้เนื่องจากการรับประกันภัยโดยตรง และการรับประกันภัยต่อ หักเบี้ยประกันภัยยกเลิก และส่งคืนที่ต้องจ่ายคืนให้แก่ผู้เอาประกันภัย
F4,420200,502,112,110,0,หัก เบี้ยประกันภัยจ่ายจากการเอาประกันภัยต่อ,Less Premium Ceded To Reinsurers,400299,-1,,N,23,PL,,,,,,,,หมายถึง เบี้ยประกันภัยจ่ายให้แก่ผู้รับประกันภัยต่อจากการเอาประกันภัยต่อและการเอาประกันภัยต่อช่วงทั้งในประเทศและต่างประเทศ
F4,400299,476,113,111,0,เบี้ยประกันภัยรับสุทธิ,Net Premium Written,400399,1,,N,23,PL,,,,,,,,เบี้ยประกันภัยรับสุทธิ เป็นรายการสุทธิของเลขอ้างอิงที่ 109 ถึง 110
F4,420300,503,114,112,0,หัก สำรองเบี้ยประกันภัยที่ยังไม่ถือเป็นรายได้เพิ่ม (ลด) จากงวดก่อน,Less Increase (Decrease) In Unearned Premium Reserves From Prior Period,400399,-1,,N,123,PL,,,,,,,,หมายถึง การเปลี่ยนแปลงในสำรองเบี้ยประกันภัยที่ยังไม่ถือเป็นรายได้ของบริษัทสำหรับกรมธรรม์ ประกันภัยที่ยังมีผลบังคับอยู่ ณ วันสิ้นรอบระยะเวลาบัญชีปัจจุบันกับวันสิ้นรอบระยะเวลาบัญชีก่อน
F4,400399,477,115,113,0,เบี้ยประกันภัยที่ถือเป็นรายได้สุทธิจากการประกันภัยต่อ,Net Earned Premium,419999,1,,N,123,PL,"ใช้ในการคำนวณ Account Receivable Turnover, Gross Profit Margin","For calculation of Account Receivable Turnover, Gross Profit Margin",,,,,,หมายถึง รายได้เนื่องจากการรับประกันภัยโดยตรงและรายได้จากการรับประกันภัยต่อ หักเบี้ยประกันภัยยกเลิกและส่งคืนผู้เอาประกันภัย หักด้วยเบี้ยประกันภัยจ่ายให้แก่ผู้รับประกันภัยต่อจากการเอาประกันภัยต่อและการเอาประกันภัยต่อช่วงทั้งในประเทศและต่างประเทศ ปรับปรุงด้วยการเปลี่ยนแปลงในสำรองเบี้ยประกันภัยที่ยังไม่ถือเป็นรายได้
F4,410127,498,116,114,0,รายได้ค่าจ้างและค่าบำเหน็จ,Fee And Commission Income,419999,1,,N,23,PL,,,,,,,,หมายถึง รายได้ค่าธรรมเนียมในการบริหารกรมธรรม์ประกันภัยประเภทการลงทุน (Investment contracts) และค่าบำเหน็จที่บริษัทประกันชีวิต/บริษัทประกันภัยได้รับเนื่องในการประกันภัยต่อและค่าธรรมเนียมอื่นใดที่บริษัทประกันชีวิต/บริษัทประกันภัยด้รับในการเข้าทำสัญญาประกันภัย  
F4,410128,499,117,115,0,รายได้จากการลงทุนสุทธิ,Net Investment Income,419999,1,,N,23,PL,,,,,,,,"หมายถึง ดอกเบี้ย เงินปันผล ส่วนลด ซื้อลด หรือรับช่วงซื้อลดตั๋วเงิน ดอกเบี้ยจากเงินฝากธนาคารและสถาบันการเงินอื่น รวมทั้งดอกเบี้ย ค่าเช่า เงินปันผล และผลประโยชน์อื่นใดที่เกิดจากการประกอบธุรกรรมลงทุนไม่ว่าจะเป็นการลงทุนในหลักทรัพย์ ลงทุนในอสังหาริมทรัพย์ หรือการลงทุนอื่น ๆ ของรายการดังต่อไปนี้
1. ตราสารหนี้ที่วัดมูลค่าด้วยราคาทุนตัดจำหน่าย
2. ตราสารหนี้ที่วัดมูลค่าด้วยมูลค่ายุติธรรมผ่านกำไรขาดทุน
3. ตราสารหนี้ที่วัดมูลค่าด้วยมูลค่ายุติธรรมผ่านกำไรขาดทุนเบ็ดเสร็จอื่น
4. ตราสารทุนที่วัดมูลค่าด้วยมูลค่ายุติธรรมผ่านกำไรขาดทุน
5. ตราสารทุนที่วัดมูลค่าด้วยมูลค่ายุติธรรมผ่านกำไรขาดทุนเบ็ดเสร็จอื่น
6. สินทรัพย์ทางการเงินที่กำหนดให้วัดมูลค่าด้วยมูลค่ายุติธรรม
7. เงินลงทุนในอสังหาริมทรัพย์

ทั้งนี้ให้รับรู้ตามที่กำหนดในมาตรฐานการบัญชีและมาตรฐานการรายงานทางการเงินที่เกี่ยวข้อง และให้สุทธิจากค่าใช้จ่ายต่าง ๆ อันเกิดขึ้นเนื่องจากการลงทุนเพื่อแสวงหาผลประโยชน์"
F4,431600,538,118,116,0,ผลกำไร (ขาดทุน) จากการลงทุน,Gains (Losses) From Investing Activities,419999,1,,N,123,PL,,,,,,,,"หมายถึง กำไร (ขาดทุน) ที่เกิดขึ้นจริงจากการจำหน่ายเงินลงทุน และจากการโอนเปลี่ยนประเภทเงินลงทุน การจำหน่ายอสังหาริมทรัพย์ที่ได้รับจากการชำระหนี้ และการด้อยค่าของเงินลงทุน ทั้งนี้ โดยให้สุทธิจากค่าใช้จ่ายต่าง ๆ ที่เกิดขึ้นโดยตรงกับรายการนั้น ๆ

ผลกำไร (ขาดทุน) จากการลงทุน ประกอบด้วยเลขอ้างอิงที่ 117 ถึง 120"
F4,431610,539,119,117,1,กำไร (ขาดทุน) อื่นจากเครื่องมือทางการเงิน,Other Gains (Losses) From Financial Instruments,431600,1,,N,123,PL,,,,,,,,"หมายถึง กำไร (ขาดทุน) จากการจำหน่ายหรือตัดรายการออกจากบัญชีของรายการดังต่อไปนี้
1. ตราสารหนี้ที่วัดมูลค่าด้วยราคาทุนตัดจำหน่าย
2. ตราสารหนี้ที่วัดมูลค่าด้วยมูลค่ายุติธรรมผ่านกำไรขาดทุนเบ็ดเสร็จอื่น
3. ตราสารหนี้ที่วัดมูลค่าด้วยมูลค่ายุติธรรมผ่านกำไรขาดทุน
4. ตราสารทุนที่วัดมูลค่าด้วยมูลค่ายุติธรรมผ่านกำไรขาดทุน
5. ตราสารอนุพันธ์
6. เครื่องมือทางการเงินที่กำหนดให้วัดมูลค่าด้วยมูลค่ายุติธรรม

สำหรับผู้ปฏิบัติตามมาตรฐานการรายงานทางการเงินกลุ่มเครื่องมือทางการเงินกลุ่มเครื่องมือทางการเงิน ทั้งนี้ให้รับรู้ตามที่กำหนดในมาตรฐานการบัญชีและมาตรฐานการรายงานทางการเงินที่เกี่ยวข้อง"
F4,431620,540,120,118,1,กำไร (ขาดทุน) จากการปรับมูลค่ายุติธรรมของเครื่องมือทางการเงิน,Gains (Losses) From Fair Value Adjustments Of Financial Instruments,431600,1,,N,123,PL,,,,,,,,"หมายถึง กำไร (ขาดทุน) จากการวัดมูลค่ายุติธรรมของเงินลงทุนที่วัดมูลค่าด้วยมูลค่ายุติธรรมผ่านกำไรหรือขาดทุนของรายการดังต่อไปนี้
1. ตราสารหนี้ที่วัดมูลค่าด้วยมูลค่ายุติธรรมผ่านกำไรขาดทุน
2. ตราสารทุนที่วัดมูลค่าด้วยมูลค่ายุติธรรมผ่านกำไรขาดทุน
3. ตราสารอนุพันธ์
4. เครื่องมือทางการเงินที่กำหนดให้วัดมูลค่าด้วยมูลค่ายุติธรรม

สำหรับการปรับมูลค่ายุติธรรมของเงินลงทุนในอสังหาริมทรัพย์ และกำไร (ขาดทุน) จากอัตราแลกเปลี่ยน สำหรับผู้ปฏิบัติตามมาตรฐานการรายงานทางการเงินกลุ่มเครื่องมือทางการเงินกลุ่มเครื่องมือทางการเงิน ทั้งนี้ให้รับรู้ตามที่กำหนดในมาตรฐานการบัญชีและมาตรฐานการรายงานทางการเงินที่เกี่ยวข้อง"
F4,431630,541,121,119,1,ผลกำไร (ขาดทุน) อื่นจากเงินลงทุน,Other Gains (Losses) From Investment,431600,1,,N,123,PL,,,,,,,,หมายถึง  กำไร (ขาดทุน) ที่เกิดขึ้นจริงจากการจำหน่ายเงินลงทุน การโอนเปลี่ยนประเภทเงินลงทุน และการจำหน่ายอสังหาริมทรัพย์ที่ได้รับจากการชำระหนี้ สำหรับผู้ปฏิบัติตามแนวปฏิบัติทางการบัญชีเกี่ยวกับเครื่องมือทางการเงินและการเปิดเผยข้อมูลสำหรับธุรกิจประกัน
F4,431640,542,122,120,1,ผลกำไร (ขาดทุน) จากการปรับมูลค่ายุติธรรม,Gains (Losses) From Fair Value Adjustments,431600,1,,N,123,PL,,,,,,,,"หมายถึง  กำไร (ขาดทุน) จากการวัดมูลค่ายุติธรรมเครื่องมือทางการเงิน ได้แก่เงินลงทุนในหลักทรัพย์และอนุพันธ์ทางการเงินที่รับรู้มูลค่ายุติธรรมในงบกำไรขาดทุน จากการวัดมูลค่ายุติธรรมของเงินลงทุนในอสังหาริมทรัพย์ และกำไร (ขาดทุน) จากอัตราแลกเปลี่ยน เป็นต้น 

สำหรับผู้ปฏิบัติตามแนวปฏิบัติทางการบัญชีเกี่ยวกับเครื่องมือทางการเงินและการเปิดเผยข้อมูลสำหรับธุรกิจประกัน"
F4,439770,446,123,121,0,กำไร (ขาดทุน) สุทธิจากการบัญชีป้องกันความเสี่ยง,Net Gains (Losses) On Hedge Accounting,419999,1,,N,123,PL,,,,,,,,"หมายถึง รายการดังต่อไปนี้
1. การป้องกันความเสี่ยงในมูลค่ายุติธรรม - กำไร (ขาดทุน) จากการวัดมูลค่ายุติธรรมของเครื่องมือที่ใช้ป้องกันความเสี่ยงและรายการที่มีการป้องกันความเสี่ยง ที่บริษัทประกันชีวิต/บริษัทประกันภัยไม่ได้แสดงสุทธิไว้ในรายการอื่น

2. การป้องกันความเสี่ยงในกระแสเงินสดและการป้องกันความเสี่ยงในเงินลงทุนสุทธิในหน่วยงานต่างประเทศ 
2.1 กำไร (ขาดทุน) จากการวัดมูลค่ายุติธรรมของเครื่องมือที่ใช้ป้องกันความเสี่ยง เฉพาะส่วนของการป้องกันความเสี่ยงที่ไม่มีประสิทธิผล ที่บริษัทประกันชีวิต/บริษัทประกันภัยไม่ได้แสดงรวมไว้ในรายการอื่น
2.2 กำไร (ขาดทุน) สุทธิจากเครื่องมือที่ใช้ป้องกันความเสี่ยงและรายการที่มีการป้องกันความเสี่ยงเมื่อการป้องกันความเสี่ยงสิ้นสุด ที่บริษัทประกันชีวิต/บริษัทประกันภัยไม่ได้แสดงสุทธิไว้ในรายการอื่น

ทั้งนี้ รายการดังกล่าวให้แสดงยอดสุทธิของผลกำไรที่หักผลขาดทุนแล้ว"
F4,431100,434,124,122,0,ส่วนแบ่งกำไร (ขาดทุน) จากเงินลงทุนตามวิธีส่วนได้เสีย,Share Of Profit (Loss) From Investments Accounted For Using The Equity Method,419999,1,,N,123,PL,,,,,,,,หมายถึง ส่วนแบ่งกำไร (ขาดทุน) จากเงินลงทุนในกิจการที่บริษัทประกันชีวิต/บริษัทประกันภัยถือไว้ กรณีบันทึกเงินลงทุนดังกล่าวตามวิธีส่วนได้เสีย ตามที่กำหนดในมาตรฐานการรายงานทางการเงินที่เกี่ยวข้อง
F4,439780,448,125,123,0,ผลกำไร (ขาดทุน) จากยอดดุลสุทธิของรายการที่เป็นตัวเงิน,Gains (Losses) On Net Monetary Position,419999,1,,N,123,PL,เป็นการปฏิบัติตามมาตรฐานการบัญชี ฉบับที่ 29 เรื่อง การรายงานทางการเงินในสภาพเศรษฐกิจที่เงินเฟ้อรุนแรง,In accordance with Thai Accounting Standard No. 29 : Financial Reporting in Hyperinflationary Economies,,,,,,หมายถึง ผลต่างที่เกิดจากการปรับปรุงใหม่ของรายการที่ไม่เป็นตัวเงิน รายการในส่วนของเจ้าของ รายการในงบกำไรขาดทุนเบ็ดเสร็จ และจากการปรับปรุงสินทรัพย์และหนี้สินที่ผูกกับดัชนีราคา ซึ่งผลกำไรหรือขาดทุนดังกล่าวนี้จะเกิดขึ้นในสภาพเศรษฐกิจที่เงินเฟ้อรุนแรงโดยบริษัทอาจประมาณได้จากการนำอัตราการเปลี่ยนแปลงในดัชนีราคาทั่วไปปรับกับจำนวนถัวเฉลี่ยถ่วงน้ำหนักของผลต่างระหว่างสินทรัพย์และหนี้สินที่เป็นตัวเงิน ทั้งนี้ เป็นการปฏิบัติตามมาตรฐานการบัญชี ฉบับที่ 29 เรื่อง การรายงานทางการเงินในสภาพเศรษฐกิจที่เงินเฟ้อรุนแรง
F4,410200,413,126,124,0,รายได้อื่น,Other Income,419999,1,,N,23,PL,หากบริษัทไม่ใช่กิจการประเภท Holding ให้รวมถึง รายได้ดอกเบี้ยและเงินปันผล,"If the company is not a holding company, this item includes interest and dividend income.",,,,,,หมายถึง รายได้จากการดำเนินงานนอกเหนือจากเลขอ้างอิงที่ 109 ถึง 123 โดยให้รวมถึงรายได้จากการให้บริการด้านอื่นนอกเหนือจากด้านการประกันภัย และกำไรอื่น เช่น กำไรจากการขายที่ดิน อาคาร อุปกรณ์และทรัพย์สินอื่นที่มิได้ถือเป็นสินทรัพย์ลงทุน และในกรณีที่มีค่าใช้จ่ายในการขายทรัพย์สินดังกล่าว ให้นำมาหักจากรายการนี้เพื่อแสดงยอดสุทธิ กรณีที่ยอดสุทธิของแต่ละประเภทเป็นผลขาดทุนให้นำไปแสดงไว้เป็นค่าใช้จ่ายอื่น
F4,419999,414,127,125,0,รวมรายได้,Total Revenue,409994,1,B,NV,23,PL,"ใช้ในการคำนวณ Fixed Asset Turnover, Total Asset Turnover","For calculation of Fixed Asset Turnover, Total Asset Turnover",,,,,,รวมรายได้ เป็นรายการสุทธิของเลขอ้างอิงที่ 111 ถึง 124
F4,430400,529,128,126,0,สำรองประกันภัยสำหรับสัญญาประกันภัยระยะยาวเพิ่ม (ลด),Increase (Decrease) In Life Policy Reserves,429999,1,,N,123,PL,"ใช้ในการคำนวณ Account Payable Turnover, Inventory Turnover, Gross Profit Margin","For calculation of Account Payable Turnover, Inventory Turnover, Gross Profit Margin",,,,,,หมายถึง การเปลี่ยนแปลงในสำรองสำหรับภาระผูกพันที่มีต่อผู้เอาประกันภัยจากการประกันภัยระยะยาว ณ วันสิ้นรอบระยะเวลาบัญชีปัจจุบันกับวันสิ้นรอบระยะเวลาบัญชีก่อน
F4,430500,530,129,127,0,สำรองความเสี่ยงภัยที่ยังไม่สิ้นสุดเพิ่ม (ลด),Increase (Decrease) In Unexpired Risk Reserves,429999,1,,N,123,PL,"ใช้ในการคำนวณ Account Payable Turnover, Inventory Turnover, Gross Profit Margin","For calculation of Account Payable Turnover, Inventory Turnover, Gross Profit Margin",,,,,,หมายถึง การเปลี่ยนแปลงในสำรองความเสี่ยงภัยที่เป็นส่วนเพิ่มจากสำรองเบี้ยประกันภัยที่ยังไม่ถือเป็นรายได้ ณ วันสิ้นรอบระยะเวลาบัญชีปัจจุบันกับวันสิ้นรอบระยะเวลาบัญชีก่อน
F4,420900,505,130,128,0,ผลประโยชน์จ่ายตามกรมธรรม์ประกันภัยและค่าสินไหมทดแทน,Gross Claims,429999,1,,N,23,PL,"ใช้ในการคำนวณ Account Payable Turnover, Inventory Turnover, Gross Profit Margin","For calculation of Account Payable Turnover, Inventory Turnover, Gross Profit Margin",,,,,,หมายถึง เงินที่ต้องจ่ายตามเงื่อนไขกรมธรรม์ประกันภัย ได้แก่ เงินครบกำหนด เงินค่ามรณกรรม เงินค่าเวนคืนกรมธรรม์ประกันภัย เงินได้ประจำ เงินปันผล โดยเป็นค่าใช้จ่ายที่เกิดขึ้นในรอบระยะเวลาบัญชีปัจจุบัน ซึ่งได้ชำระไปแล้วและยังมิได้ชำระ รวมทั้งจำนวนที่คาดว่าจะต้องชำระ และจำนวนเงินค่าสินไหมทดแทนที่เกิดขึ้นในรอบระยะเวลาบัญชีปีปัจจุบันซึ่งได้ชำระไปแล้วและยังมิได้ชำระ รวมทั้งจำนวนที่คาดว่าจะต้องชำระ และจำนวนเงินที่จ่ายสำหรับการประเมินและจัดการค่าสินไหมทดแทน เช่น ค่าใช้จ่ายในการดำเนินคดีที่เกี่ยวข้องกับการจัดการสินไหมทดแทน รวมถึงค่าใช้จ่ายทางตรงและทางอ้อมอื่น ๆ เกี่ยวกับการจัดการค่าสินไหมทดแทน
F4,421000,506,131,129,0,หัก ผลประโยชน์จ่ายตามกรมธรรม์ประกันภัยและค่าสินไหมทดแทนรับคืนจากการประกันภัยต่อ,Less Claim Recovery From Reinsurers,429999,-1,,N,23,PL,"ใช้ในการคำนวณ Account Payable Turnover, Inventory Turnover, Gross Profit Margin","For calculation of Account Payable Turnover, Inventory Turnover, Gross Profit Margin",,,,,,หมายถึง เงินที่ต้องจ่ายตามเงื่อนไขกรมธรรม์ประกันภัย และจำนวนเงินค่าสินไหมทดแทนที่เกิดขึ้นในรอบระยะเวลาบัญชีปัจจุบันซึ่งได้ชำระไปแล้วและยังมิได้ชำระ รวมทั้งจำนวนที่คาดว่าจะต้องจ่ายและจำนวนเงินที่จ่ายสำหรับการประเมินและจัดการค่าสินไหมทดแทนที่ได้รับคืนจากการประกันภัยต่อ
F4,421100,507,132,130,0,ค่าจ้างและค่าบำเหน็จ,Commissions And Brokerages,429999,1,,N,23,PL,"ใช้ในการคำนวณ Account Payable Turnover, Inventory Turnover, Gross Profit Margin","For calculation of Account Payable Turnover, Inventory Turnover, Gross Profit Margin",,,,,,หมายถึง ค่านายหน้า ค่าจ้าง และค่าบำเหน็จ ที่จ่ายให้ตัวแทนหรือนายหน้าประกันชีวิต/บริษัทประกันภัย รวมทั้งผู้บริหารตัวแทนประกันชีวิต/บริษัทประกันภัย เนื่องในการชักชวนหรือชี้ช่อง หรือจัดการให้บุคคลได้ทำสัญญาประกันภัยกับบริษัทประกันชีวิต/บริษัทประกันภัย และค่าบำเหน็จที่บริษัทประกันชีวิต/บริษัทประกันภัยจ่ายไปเนื่องในการรับประกันภัยต่อ
F4,421200,508,133,131,0,ค่าใช้จ่ายในการรับประกันภัยอื่น,Other Underwriting Expenses,429999,1,,N,23,PL,"ใช้ในการคำนวณ Account Payable Turnover, Inventory Turnover, Gross Profit Margin","For calculation of Account Payable Turnover, Inventory Turnover, Gross Profit Margin",,,,,,"หมายถึง รายการดังต่อไปนี้

สำหรับบริษัทประกันชีวิต หมายถึง ค่าใช้จ่ายอื่นจากการรับประกันภัย ทั้งนี้ให้รวมถึงค่าใช้จ่ายต่าง ๆ เกี่ยวกับศูนย์โทรศัพท์กรณีการขายผ่านทางโทรศัพท์ และค่าใช้จ่ายทางตรงและทางอ้อมอื่น ๆ เกี่ยวกับการรับประกันภัย และให้รวมถึงเงินสมทบต่าง ๆ ที่บริษัทประกันชีวิตได้จ่ายให้แก่สำนักงาน คปภ. และกองทุนประกันชีวิต ตามข้อกำหนดของพระราชบัญญัติที่เกี่ยวข้อง

สำหรับบริษัทประกันภัย หมายถึง ค่าใช้จ่ายอื่นจากการรับประกันภัย ทั้งนี้ให้รวมถึงค่าใช้จ่ายต่าง ๆ เกี่ยวกับศูนย์โทรศัพท์กรณีการขายผ่านทางโทรศัพท์และค่าใช้จ่ายทางตรงและทางอ้อมอื่น ๆ เกี่ยวกับการรับประกันภัย และให้รวมถึงเงินสมทบต่าง ๆ ที่บริษัทประกันวินาศภัยได้จ่ายให้แก่สำนักงาน คปภ. กองทุนประกันวินาศภัย กองทุนทดแทนผู้ประสบภัย และเงินสมทบบริษัทกลางคุ้มครองผู้ประสบภัยจากรถ จำกัด ตามข้อกำหนดของพระราชบัญญัติที่เกี่ยวข้อง"
F4,422100,419,134,132,0,ค่าใช้จ่ายในการดำเนินงาน,Operating Expenses,429999,1,,N,23,PL,แสดงผลใน Company Highlight & Fact Sheet,Displayed in the Company Highlight & Fact Sheet,,,,,,หมายถึง ค่าใช้จ่ายในการดำเนินงานที่ไม่เกี่ยวกับการรับประกันภัยและการจัดการค่าสินไหมทดแทน เช่น ค่าใช้จ่ายพนักงาน ค่าใช้จ่ายเกี่ยวกับอาคารสถานที่และอุปกรณ์ และ ค่าภาษีอากร
F4,429900,451,135,133,0,ต้นทุนทางการเงิน,Finance Costs,429999,1,,N,23,PL,"ใช้ในการคำนวณ EBITDA, Interest Coverage Ratio, Return on Asset","For calculation of EBITDA, Interest Coverage Ratio, Return on Asset",,,,,,หมายถึง ค่าใช้จ่ายทีเกิดขึ้นเนื่องจากการที่บริษัทประกันชีวิต/บริษัทประกันภัย ต้องจัดหาเงินทุนมาดำเนินงาน ตัวอย่างเช่น ดอกเบี้ยเงินกู้ ค่าธรรมเนียมธนาคาร ดอกเบี้ยที่เกิดจากสัญญาเช่าการเงิน เป็นต้น 
F4,430700,429,136,134,0,(กลับรายการ) ผลขาดทุนด้านเครดิตที่คาดว่าจะเกิดขึ้น,(Reversal Of) Expected Credit Losses,429999,1,,N,123,PL,"- จำนวนเงินที่บริษัทรับรู้ผลขาดทุนด้านเครดิตที่คาดว่าจะเกิดขึ้น (หรือกลับรายการผลขาดทุน) ตาม TFRS9
- แสดงผลใน Company Highlight & Fact Sheet","- Amount that the company recognised as expected credit losses (or reversal) in accordance with TFRS9
- Displayed in the Company Highlight & Fact Sheet",,,,,,"หมายถึง จำนวนเงินที่บริษัทประกันชีวิต/บริษัทประกันภัยรับรู้ผลขาดทุนด้านเครดิตที่คาดว่าจะเกิดขึ้น (หรือกลับรายการผลขาดทุน) ตามมาตรฐานการรายงานทางการเงิน ฉบับที่ 9 เรื่อง เครื่องมือทางการเงิน 

ผลขาดทุนด้านเครดิต หมายถึง ผลต่างระหว่างกระแสเงินสดตามสัญญาทั้งหมดซึ่งบริษัทต้องได้รับ กับ กระแสเงินสดทั้งหมดซึ่งบริษัทคาดว่าจะได้รับ (ซึ่งคือ จำนวนเงินที่คาดว่าจะไม่ได้รับ) คิดลดด้วยอัตราดอกเบี้ยที่แท้จริงเมื่อเริ่มแรก หรืออัตราดอกเบี้ยที่แท้จริงปรับด้วยความเสี่ยงด้านเครดิตสำหรับสินทรัพย์ทางการเงินที่มีการด้อยค่าด้านเครดิตเมื่อซื้อหรือเมื่อกำเนิด โดยในการประมาณกระแสเงินสดนั้น บริษัทประกันชีวิต/บริษัทประกันภัยต้องพิจารณาเงื่อนไขตามสัญญาทั้งหมดของเครื่องมือทางการเงิน (เช่น การชำระเงินก่อนครบกำหนด การขยายระยะเวลา สิทธิเลือกที่จะซื้อ และสิทธิเลือกที่มีลักษณะคล้ายคลึงกัน) ตลอดอายุของเครื่องมือทางการเงินที่คาดไว้นั้น รวมถึงกระแสเงินสดที่ได้มาจากการขายหลักประกันที่ถือไว้หรือส่วนปรับปรุงด้านเครดิตอื่น ๆ ซึ่งถือเป็นส่วนหนึ่งของเงื่อนไขตามสัญญา

กลับรายการผลขาดทุนด้านเครดิตที่คาดว่าจะเกิดขึ้น หมายถึง มูลค่าที่ลดลงของผลขาดทุนด้านเครดิตที่คาดว่าจะเกิดขึ้นสำหรับสินทรัพย์ทางการเงินที่บริษัทประกันชีวิต/บริษัทประกันภัยเคยรับรู้ไว้ในงวดก่อน"
F4,430900,430,137,135,0,(กลับรายการ) ขาดทุนจากการด้อยค่า,(Reversal Of) Loss On Impairment,429999,1,,N,123,PL,,,,,,,,"หมายถึง ผลแตกต่างระหว่างมูลค่าตามบัญชีของสินทรัพย์ หรือหน่วยของสินทรัพย์ที่ก่อให้เกิดเงินสดที่สูงกว่ามูลค่าที่คาดว่าจะได้รับคืน  
  
กลับรายการขาดทุนด้อยค่าของสินทรัพย์ หมายถึง มูลค่าที่ลดลงของผลขาดทุนจากการด้อยค่าของสินทรัพย์ หรือหน่วยของสินทรัพย์ที่ก่อให้เกิดเงินสดที่บริษัทประกันชีวิต/บริษัทประกันภัยเคยรับรู้ไว้ในงวดก่อน   

ทั้งนี้ ไม่รวมเลขอ้างอิงที่ 134 “(กลับรายการ) ผลขาดทุนด้านเครดิตที่คาดว่าจะเกิดขึ้น”"
F4,429800,432,138,136,0,ค่าใช้จ่ายอื่น,Other Expenses,429999,1,,N,23,PL,แสดงผลใน Company Highlight & Fact Sheet,Displayed in the Company Highlight & Fact Sheet,,,,,,"หมายถึง ค่าใช้จ่ายอื่นที่ไม่เกี่ยวข้องโดยตรงกับการรับประกันภัยและการลงทุน นอกเหนือจากเลขอ้างอิงที่ 126 ถึง 135 โดยให้รวมถึงขาดทุนอื่น เช่น ผลเสียหายจากการทุจริตของพนักงาน และผลขาดทุนจากการขายที่ดิน อาคาร อุปกรณ์ และทรัพย์สินอื่นที่มิได้ถือเป็นสินทรัพย์ลงทุน ในกรณีที่มีกำไรจากการขายทรัพย์สินดังกล่าว ให้นำมาหักล้างจากรายการนี้เพื่อแสดงยอดสุทธิกรณีที่ยอดสุทธิของแต่ละประเภทเป็นผลกำไรให้นำไปแสดงเป็น รายได้อื่น (เลขอ้างอิงที่ 124)
"
F4,429999,433,139,137,0,รวมค่าใช้จ่าย,Total Expenses,409994,-1,B,NV,123,PL,แสดงผลใน Company Highlight & Fact Sheet,Displayed in the Company Highlight & Fact Sheet,,,,,,รวมค่าใช้จ่าย เป็นรายการสุทธิของเลขอ้างอิงที่ 126 ถึง 136
F4,431101,447,140,138,0,กำไร (ขาดทุน) จากการเปลี่ยนเงื่อนไขตราสารหนี้,Gains (Losses) On Modification Of Debt Instruments,409994,1,,N,123,PL,กำไร (ขาดทุน) จากการเจรจาต่อรองใหม่หรือการเปลี่ยนแปลงเงื่อนไขของกระแสเงินสดตามสัญญาของสินทรัพย์ทางการเงินหรือหนี้สินทางการเงิน,Gains (losses) from renegotiating or modifying contractual cash flows of financial asset and financial liability that does not result in the derecognition of that financial asset or financial liability,,,,,,หมายถึง กำไร (ขาดทุน) จากการเจรจาต่อรองใหม่หรือการเปลี่ยนแปลงเงื่อนไขของกระแสเงินสดตามสัญญาของสินทรัพย์ทางการเงินหรือหนี้สินทางการเงิน ซึ่งไม่มีการตัดรายการสินทรัพย์ทางการเงินหรือหนี้สินทางการเงินนั้น 
F4,439700,436,141,139,0,กำไร (ขาดทุน) อื่น,Other Gains (Losses),409994,1,,N,123,PL,,,,,,,,หมายถึง กำไร (ขาดทุน) อื่น นอกเหนือจากเลขอ้างอิงที่ 137
F4,409994,481,142,140,0,กำไร (ขาดทุน) ก่อนภาษีเงินได้,Profit (Loss) Before Income Tax Expense,409995,1,B,NV,123,PL,"ใช้ในการคำนวณ EBITDA, Interest Coverage Ratio, Return on Asset","For calculation of EBITDA, Interest Coverage Ratio, Return on Asset",,,,,,กำไร (ขาดทุน) ก่อนภาษีเงินได้ เป็นรายการสุทธิของเลขอ้างอิงที่ 125 137 138 และ 139
F4,439800,452,143,141,0,ภาษีเงินได้,Income Tax Expense,409995,-1,,N,123,PL,,,,,,,,หมายถึง ภาษีเงินได้นิติบุคคลที่คำนวณขึ้นตามที่อยู่ในขอบเขตของมาตรฐานการบัญชี ฉบับที่ 12 เรื่อง ภาษีเงินได้
F4,900030,900030,144,141.1,0,รายการอื่น ๆ (มาตรฐานเดิม),Other Items (Amended Account),409995,1,,N,123,PL,,,,,,,,#N/A
F4,409995,453,145,142,0,กำไร (ขาดทุน) จากการดำเนินงานต่อเนื่อง,Profit (Loss) For The Period From Continuing Operations,409996,1,B,NV,123,PL,,,,,,,,กำไร (ขาดทุน) จากการดำเนินงานต่อเนื่อง เป็นรายการสุทธิของเลขอ้างอิงที่ 140 ถึง 141
F4,439900,454,146,143,0,กำไร (ขาดทุน) จากการดำเนินงานที่ยกเลิก,Profit (Loss) From Discontinued Operations,409996,1,,N,123,PL,รวมถึง ผลกำไรหรือขาดทุนหลังภาษีเงินได้ที่รับรู้จากการวัดมูลค่ายุติธรรมสุทธิหักจากต้นทุนในการขาย หรือจากการจำหน่ายกลุ่มสินทรัพย์ที่ยกเลิกที่เกี่ยวข้องกับการดำเนินงานที่ยกเลิก,"Include gains or losses from the fair value measurement after income tax, net cost of sell or of disposal of the group of assets related to the discontinued operations",,,,,,"หมายถึง ยอดรวมของ รายการดังต่อไปนี้
1. กำไรหรือขาดทุนหลังภาษีเงินได้จากการดำเนินงานที่ยกเลิก และ
2. ผลกำไรหรือขาดทุนหลังภาษีเงินได้ที่รับรู้จากการวัดมูลค่ายุติธรรมสุทธิหักจากต้นทุนในการขาย หรือจากการจำหน่ายกลุ่มสินทรัพย์ที่ยกเลิกที่เกี่ยวข้องกับการดำเนินงานที่ยกเลิก"
F4,409996,455,147,144,0,กำไร (ขาดทุน) สุทธิ สำหรับงวด,Net Profit (Loss) For The Period,No,1,BU,NV,123,PL,แสดงผลใน Company Highlight & Fact Sheet,Displayed in the Company Highlight & Fact Sheet,,Y,Y,,,"หมายถึง ยอดรวมรายได้หักด้วยยอดรวมค่าใช้จ่าย 

กำไร (ขาดทุน) สุทธิ สำหรับงวด เป็นรายการสุทธิของเลขอ้างอิงที่ 142 ถึง 143"
F4,430000,T11,148,145,0,กำไรขาดทุนเบ็ดเสร็จอื่น,Other Comprehensive Income,No,,B Fix,T,,PL,,,,,,,,"หมายถึง รายการรายได้และค่าใช้จ่ายที่มาตรฐานการรายงานทางการเงินกำหนดให้รับรู้ผ่านกำไรขาดทุนเบ็ดเสร็จอื่น 

กำไรขาดทุนเบ็ดเสร็จอื่น ประกอบด้วยเลขอ้างอิงที่ 147 ถึง 165"
F4,409991,456,149,146,0,กำไร (ขาดทุน) สุทธิ สำหรับงวด / กำไร (ขาดทุน) จากการดำเนินงานต่อเนื่อง,Net Profit (Loss) For The Period / Profit (Loss) For The Period From Continuing Operations,409999,1,,N,123,PL,กำไร (ขาดทุน) สุทธิ ก่อนรายการกำไรขาดทุนเบ็ดเสร็จอื่น,Net Profit (Loss) before other comprehensive income,,Y,,,,หมายถึง กำไร (ขาดทุน) สุทธิ สำหรับงวดที่เป็นรายการตั้งต้นสำหรับงบกำไรขาดทุนเบ็ดเสร็จอื่น ในกรณีที่บริษัทประกันชีวิต/บริษัทประกันภัยเลือกแสดงกำไรหรือขาดทุนและกำไรหรือขาดทุนเบ็ดเสร็จอื่นแยกเป็นสองงบ  
F4,440000,T12,150,147,0,รายการที่จัดประเภทรายการใหม่เข้าไปไว้ในกำไรหรือขาดทุนในภายหลัง,Items That Will Be Subsequently Reclassified To Profit Or Loss,No,,B Fix,T,,PL,,,,,,,,"รายการกำไรขาดทุนเบ็ดเสร็จอื่นที่จะมีการจัดประเภทรายการใหม่เข้าไปไว้ในกำไรหรือขาดทุนในภายหลังเมื่อเป็นไปตามเงื่อนไขที่เฉพาะเจาะจง 

รายการที่จัดประเภทรายการใหม่เข้าไปไว้ในกำไรหรือขาดทุนในภายหลัง ประกอบด้วยเลขอ้างอิงที่ 148 ถึง 156"
F4,441000,548,151,148,0,กำไร (ขาดทุน) จากการวัดมูลค่าเงินลงทุนที่วัดมูลค่ายุติธรรมผ่านกำไรขาดทุนเบ็ดเสร็จอื่น,Gains (Losses) On Fair Value Of Investment Through Other Comprehensive Income,409998,1,,N,123,PL,,,,,,,,หมายถึง กำไร (ขาดทุน) จากการวัดมูลค่าเงินลงทุนที่วัดด้วยมูลค่ายุติธรรมผ่านกำไรขาดทุนเบ็ดเสร็จอื่น
F4,440100,457,152,149,0,กำไร (ขาดทุน) จากการวัดมูลค่าเงินลงทุนในตราสารหนี้ด้วยมูลค่ายุติธรรมผ่านกำไรขาดทุนเบ็ดเสร็จอื่น,Gains (Losses) On Investment In Debt Instruments Measured At Fair Value Through Other Comprehensive Income,409998,1,,N,123,PL,,,,,,,,หมายถึง กำไร (ขาดทุน) จากการวัดมูลค่าเงินลงทุนในตราสารหนี้ด้วยมูลค่ายุติธรรมผ่านกำไรขาดทุนเบ็ดเสร็จอื่น
F4,440200,458,153,150,0,กำไร (ขาดทุน) จากการวัดมูลค่ายุติธรรมตราสารอนุพันธ์สำหรับการป้องกันความเสี่ยงจากกระแสเงินสด,Gains (Losses) On Fair Value Adjustments Of Hedging Instruments On Cash Flow Hedgings,409998,1,,N,123,PL,เฉพาะส่วนที่มีประสิทธิผล ,Only the effective portions,,,,,,หมายถึง กำไร (ขาดทุน) จากการวัดมูลค่ายุติธรรมตราสารอนุพันธ์ที่ใช้ในการป้องกันความเสี่ยงในกระแสเงินสด เฉพาะส่วนที่มีประสิทธิผล
F4,440300,459,154,151,0,กำไร (ขาดทุน) จากการประเมินมูลค่ายุติธรรมตราสารป้องกันความเสี่ยงสำหรับป้องกันความเสี่ยงของเงินลงทุนสุทธิ,Gains (Losses) On Fair Value Adjustments Of Hedging Instruments On Net Investment Hedgings,409998,1,,N,123,PL,เฉพาะส่วนที่มีประสิทธิผลในเงินลงทุนสุทธิ (ในหน่วยงานต่างประเทศ) ที่ต้องรับรู้ในกำไรขาดทุนเบ็ดเสร็จอื่น,Only the effective portions of net investments (in foreign operations) that must be recognised through other comprehensive income,,,,,,หมายถึง ส่วนของผลกำไรและขาดทุนของเครื่องมือที่ใช้ป้องกันความเสี่ยงในส่วนที่มีประสิทธิผลในเงินลงทุนสุทธิ (ในหน่วยงานต่างประเทศ) ที่ต้องรับรู้ในกำไรขาดทุนเบ็ดเสร็จอื่น
F4,440400,547,155,152,0,กำไร (ขาดทุน) จากต้นทุนการป้องกันความเสี่ยงรอตัดบัญชี,Gains (Losses) On Deferred Cost Of Hedging,409998,1,,N,123,PL,,,,,,,,หมายถึง กำไร (ขาดทุน) จากการเปลี่ยนแปลงในมูลค่ายุติธรรมในส่วนที่เป็นมูลค่าตามเวลาของสัญญาสิทธิที่จะซื้อหรือจะขายหรือส่วนของอัตราแลกเปลี่ยนล่วงหน้าของสัญญาซื้อขายล่วงหน้า หรือส่วนต่างอัตราแลกเปลี่ยนเงินตราต่างประเทศของเครื่องมือทางการเงิน และกำไรและขาดทุนจากการตัดจำหน่าย รายการข้างต้น ณ วันที่กำหนดให้เครื่องมือทางการเงินเป็นเครื่องมือป้องกันความเสี่ยง
F4,440500,460,156,153,0,ผลต่างอัตราแลกเปลี่ยนจากการแปลงค่างบการเงิน,Currency Translation Adjustments,409998,1,,N,123,PL,,,,,,,,หมายถึง ผลกำไรและขาดทุนจากการแปลงค่างบการเงินจากสกุลเงินที่ใช้ในการดำเนินงานของหน่วยงานในต่างประเทศให้เป็นสกุลเงินที่นำเสนอรายงาน
F4,440900,464,157,154,0,ส่วนแบ่งกำไร (ขาดทุน) เบ็ดเสร็จอื่นในบริษัทย่อย บริษัทร่วม และการร่วมค้า (ภายใต้วิธีส่วนได้เสีย) สำหรับรายการที่จัดประเภทรายการใหม่เข้าไปไว้ในกำไรหรือขาดทุนในภายหลัง,"Share Of Other Comprehensive Income (Expense) From Subsidiaries, Associates And Joint Ventures Accounted For Using The Equity Method That Will Be Subsequently Reclassified To Profit Or Loss",409998,1,,N,123,PL,,,,,,,,หมายถึง ส่วนแบ่งกำไรขาดทุนเบ็ดเสร็จอื่นในส่วนที่สามารถจัดประเภทใหม่ไว้ในกำไรหรือขาดทุนในภายหลัง ซึ่งรับรู้ตามวิธีส่วนได้เสีย สำหรับเงินลงทุนในบริษัทย่อย บริษัทร่วม และการร่วมค้า
F4,449800,465,158,155,0,องค์ประกอบอื่นของกำไรขาดทุนเบ็ดเสร็จอื่นที่จะจัดประเภทรายการใหม่เข้าไปไว้ในกำไรหรือขาดทุนในภายหลัง,Other Comprehensive Income That Will Be Subsequently Reclassified To Profit Or Loss,409998,1,,N,123,PL,,,,,,,,หมายถึง กำไรขาดทุนเบ็ดเสร็จอื่น สำหรับรายการอื่น ๆ ที่อาจถูกจัดประเภทรายการใหม่เข้าไปไว้ในกำไรหรือขาดทุนในภายหลัง นอกเหนือจากเลขอ้างอิงที่ 148 ถึง 154
F4,449900,466,159,156,0,ภาษีเงินได้ของรายการที่จะจัดประเภทรายการใหม่เข้าไปไว้ในกำไรหรือขาดทุนในภายหลัง,Income Taxes Relating To Items That Will Be Subsequently Reclassified To Profit Or Loss,409998,1,,N,123,PL,,,,,,,,หมายถึง จำนวนภาษีเงินได้เกี่ยวกับแต่ละองค์ประกอบของกำไรขาดทุนเบ็ดเสร็จอื่นที่อาจถูกจัดประเภทใหม่ไว้ในกำไรหรือขาดทุนในภายหลังข้างต้น ในกรณีที่บริษัทประกันชีวิต/บริษัทประกันภัยเลือกแสดงองค์ประกอบของกำไรขาดทุนเบ็ดเสร็จอื่นด้วยยอดก่อนหักผลกระทบทางภาษีที่เกี่ยวข้อง และแสดงรายการภาษีที่เกี่ยวข้องเป็นรายการแยกต่างหาก
F4,450000,T13,160,157,0,รายการที่ไม่จัดประเภทรายการใหม่เข้าไปไว้ในกำไรหรือขาดทุนในภายหลัง,Items That Will Not Be Subsequently Reclassified To Profit Or Loss,No,,B Fix,T,,PL,,,,,,,,"รายการที่ไม่จัดประเภทรายการใหม่เข้าไปไว้ในกำไรหรือขาดทุนในภายหลัง 

รายการที่ไม่จัดประเภทรายการใหม่เข้าไปไว้ในกำไรหรือขาดทุนในภายหลัง ประกอบด้วยเลขอ้างอิงที่ 158 ถึง 164"
F4,450100,467,161,158,0,กำไร (ขาดทุน) จากการเปลี่ยนแปลงในส่วนเกินทุนจากการตีราคาสินทรัพย์,Gains (Losses) From Changes In Revaluation Surplus,409998,1,,N,123,PL,รวมถึง การเปลี่ยนแปลงในส่วนเกินทุนจากการตีราคาที่ดินอาคารและอุปกรณ์ และสินทรัพย์ไม่มีตัวตน,"Include changes in surplus from the revaluation of property, plant and equipment and intangible assets",,,,,,หมายถึง การเปลี่ยนแปลงในส่วนเกินทุนจากการตีราคาที่ดิน อาคารและอุปกรณ์ และสินทรัพย์ไม่มีตัวตน
F4,450200,468,162,159,0,กำไร (ขาดทุน) จากการวัดมูลค่าเงินลงทุนในตราสารทุนด้วยมูลค่ายุติธรรมผ่านกำไรขาดทุนเบ็ดเสร็จอื่น,Gains (Losses) On Remeasuring Investment In Equity Instruments Measured At Fair Value Through Other Comprehensive Income,409998,1,,N,123,PL,รวมถึง ผลกำไร (ขาดทุน) จากเครื่องมือป้องกันความเสี่ยงที่มีประสิทธิผลในการป้องกันความเสี่ยงในมูลค่ายุติธรรมของเงินลงทุนในตราสารทุนที่วัดมูลค่ายุติธรรมผ่านกำไรขาดทุนเบ็ดเสร็จด้วย ,Include effective portion of gains (losses) from measurement of fair values of hedging instruments measured fair value through other comprehensive income,,,,,,หมายถึง ผลกำไร (ขาดทุน) จากการวัดมูลค่าเงินลงทุนในตราสารทุน กรณีที่บริษัทประกันชีวิต/บริษัทประกันภัยเลือกวัดมูลค่ายุติธรรมในภายหลังของเงินลงทุนในตราสารทุนผ่านกำไรขาดทุนเบ็ดเสร็จอื่น ทั้งนี้ รวมถึงผลกำไร (ขาดทุน) จากเครื่องมือป้องกันความเสี่ยงที่มีประสิทธิผลในการป้องกันความเสี่ยงในมูลค่ายุติธรรมของเงินลงทุนในตราสารทุนที่วัดมูลค่ายุติธรรมผ่านกำไรขาดทุนเบ็ดเสร็จอื่น
F4,450300,469,163,160,0,กำไร (ขาดทุน) จากหนี้สินทางการเงินที่กำหนดให้วัดมูลค่ายุติธรรมผ่านกำไรขาดทุนอันเนื่องมาจากความเสี่ยงด้านเครดิต,Gains (Losses) From Changes In Own Credit Risk Of Financial Liabilities Designated At Fair Value Through Profit Or Loss,409998,1,,N,123,PL,เฉพาะส่วนที่เป็นผลจากการเปลี่ยนแปลงความเสี่ยงด้านเครดิตของหนี้สินทางการเงิน,Only the portion of arising from changes in own credit risk of financial liabilities,,,,,,หมายถึง ผลกำไร (ขาดทุน) จากการเปลี่ยนแปลงมูลค่ายุติธรรมของหนี้สินทางการเงินที่บริษัทวัดมูลค่าด้วยมูลค่ายุติธรรมผ่านกำไรหรือขาดทุน เฉพาะส่วนเปลี่ยนแปลงในมูลค่ายุติธรรมของหนี้สินที่เป็นผลจากการเปลี่ยนแปลงความเสี่ยงด้านเครดิตของหนี้สินนั้น
F4,450500,470,164,161,0,ส่วนแบ่งกำไร (ขาดทุน) เบ็ดเสร็จอื่นในบริษัทย่อย บริษัทร่วม และการร่วมค้า (ภายใต้วิธีส่วนได้เสีย) สำหรับรายการที่ไม่จัดประเภทรายการใหม่เข้าไปไว้ในกำไรหรือขาดทุนในภายหลัง,"Share Of Other Comprehensive Income (Expense) From Subsidiaries, Associates And Joint Ventures Accounted For Using The Equity Method That Will Not Be Subsequently Reclassified To Profit Or Loss",409998,1,,N,123,PL,,,,,,,,หมายถึง ส่วนแบ่งกำไร (ขาดทุน) เบ็ดเสร็จอื่นในส่วนที่ไม่สามารถจัดประเภทใหม่ไว้ในกำไรหรือขาดทุนได้ในภายหลัง ซึ่งรับรู้ตามวิธีส่วนได้เสีย สำหรับเงินลงทุนในบริษัทย่อย บริษัทร่วม และการร่วมค้า
F4,450600,471,165,162,0,กำไร (ขาดทุน) จากการประมาณการตามหลักคณิตศาสตร์ประกันภัยสำหรับโครงการผลประโยชน์พนักงาน,Remeasurement Of Employee Benefit Obligations,409998,1,,N,123,PL,รวมถึง การเปลี่ยนแปลงใด ๆ ที่เกิดจากผลกระทบของเพดานของสินทรัพย์โครงการที่เกี่ยวข้อง,Include any effects of the related plan asset ceiling,,,,,,หมายถึง ผลกำไร (ขาดทุน) จากการประมาณการตามหลักคณิตศาสตร์ประกันภัย และการเปลี่ยนแปลงใด ๆ ที่เกิดจากผลกระทบของเพดานของสินทรัพย์โครงการที่เกี่ยวข้อง (ตามเงื่อนไขการรับรู้ตามมาตรฐานการบัญชี ฉบับที่ 19 เรื่อง ผลประโยชน์พนักงาน)
F4,459800,472,166,163,0,องค์ประกอบอื่นของกำไรขาดทุนเบ็ดเสร็จอื่นที่จะไม่จัดประเภทรายการใหม่เข้าไปไว้ในกำไรหรือขาดทุนในภายหลัง,Other Comprehensive Income That Will Not Be Subsequently Reclassified To Profit Or Loss,409998,1,,N,123,PL,,,,,,,,หมายถึง กำไรขาดทุนเบ็ดเสร็จอื่น สำหรับรายการอื่น ๆ ที่จะไม่ถูกจัดประเภทใหม่ไว้ในกำไรหรือขาดทุนในภายหลัง นอกเหนือจากเลขอ้างอิงที่ 158 ถึง 162
F4,459900,473,167,164,0,ภาษีเงินได้ของรายการที่จะไม่จัดประเภทรายการใหม่เข้าไปไว้ในกำไรหรือขาดทุนในภายหลัง,Income Taxes Relating To Items That Will Not Be Subsequently Reclassified To Profit Or Loss,409998,1,,N,123,PL,,,,,,,,หมายถึง จำนวนภาษีเงินได้เกี่ยวกับแต่ละองค์ประกอบของกำไรขาดทุนเบ็ดเสร็จอื่นที่จะไม่ถูกจัดประเภทใหม่ไว้ในกำไรหรือขาดทุนในภายหลังข้างต้น ในกรณีที่บริษัทประกันชีวิต/บริษัทประกันภัยเลือกแสดงองค์ประกอบของกำไรขาดทุนเบ็ดเสร็จอื่นด้วยยอดก่อนหักผลกระทบทางภาษีที่เกี่ยวข้อง และแสดงรายการภาษีที่เกี่ยวข้องเป็นรายการแยกต่างหาก
F4,409998,474,168,165,0,กำไร (ขาดทุน) เบ็ดเสร็จอื่น - สุทธิจากภาษี,Other Comprehensive Income (Expense) - Net Of Tax,409999,1,B,NV,123,PL,,,,,,,,"หมายถึง ผลรวมของกำไร (ขาดทุน) เบ็ดเสร็จอื่น ประกอบด้วยผลรวมรายการกำไรขาดทุนเบ็ดเสร็จอื่นที่อาจถูกจัดประเภทใหม่ไว้ในกำไรหรือขาดทุนในภายหลัง และผลรวมรายการกำไรขาดทุนเบ็ดเสร็จอื่นที่จะไม่ถูกจัดประเภทใหม่ไว้ในกำไรหรือขาดทุนในภายหลัง

กำไร (ขาดทุน) เบ็ดเสร็จอื่น – สุทธิจากภาษี เป็นรายการสุทธิของเลขอ้างอิงที่ 147 ถึง 164"
F4,409999,475,169,166,0,กำไร (ขาดทุน) เบ็ดเสร็จรวม สำหรับงวด,Total Comprehensive Income (Expense) For The Period,No,,BU,NV,123,PL,,,,Y,,,,"กำไร (ขาดทุน) เบ็ดเสร็จรวม สำหรับงวด 

กรณีที่บริษัทประกันชีวิต/บริษัทประกันภัยเลือกแสดงงบกำไรขาดทุนและกำไรขาดทุนเบ็ดเสร็จอื่นแยกเป็นสองงบ รายการกำไร (ขาดทุน) เบ็ดเสร็จรวม สำหรับงวด เป็นรายการสุทธิของเลขอ้างอิงที่ 146 และ165

กรณีที่บริษัทประกันชีวิต/บริษัทประกันภัยเลือกแสดงงบกำไรขาดทุนและกำไรขาดทุนเบ็ดเสร็จอื่นในงบเดียว รายการกำไร (ขาดทุน) เบ็ดเสร็จรวม สำหรับงวด เป็นรายการสุทธิของเลขอ้างอิงที่ 144 และ 165"
F4,460000,T14,170,167,0,การแบ่งปันกำไร (ขาดทุน) สุทธิ,Net Profit (Loss) Attributable To :,No,,B Fix,T,,PL,,,,,,,,"หมายถึง การแบ่งปันกำไร (ขาดทุน) สำหรับงวดให้แก่ผู้ถือหุ้น ทั้งในส่วนที่เป็นของบริษัทใหญ่ และส่วนที่เป็นของส่วนได้เสียที่ไม่มีอำนาจควบคุม

การแบ่งปันกำไร (ขาดทุน) สุทธิ ประกอบด้วยเลขอ้างอิงที่ 168 และ 169"
F4,460100,599,171,168,1,การแบ่งปันกำไร (ขาดทุน) สุทธิ : ผู้ถือหุ้นบริษัทใหญ่,Net Profit (Loss) Attributable To : Owners Of The Parent,No,,,N,123,PL,"ใช้ในการคำนวณ Dividend Payout Ratio, Return on Equity","For calculation of Dividend Payout Ratio, Return on Equity",,Y,,,,หมายถึง กำไร (ขาดทุน) สุทธิสำหรับส่วนของผู้ถือหุ้นของบริษัทใหญ่
F4,460200,598,172,169,1,การแบ่งปันกำไร (ขาดทุน) สุทธิ : ส่วนได้เสียที่ไม่มีอำนาจควบคุม,Net Profit (Loss) Attributable To : Non-Controlling Interests,No,,,N,123,PL,"- รวมถึง กำไร (ขาดทุน) สุทธิ สำหรับส่วนที่เป็นของผู้ถือหุ้นเดิมก่อนการปรับโครงสร้างธุรกิจ
- แสดงผลใน Company Highlight & Fact Sheet","- Include net profit (loss) attributable to former shareholders before business restructuring
- Displayed in the Company Highlight & Fact Sheet",,,,งบการเงินเฉพาะกิจการไม่ควรมีค่า,Should have no value in Separate financial statements.,หมายถึง กำไร (ขาดทุน) สุทธิสำหรับส่วนของส่วนได้เสียที่ไม่มีอำนาจควบคุมในบริษัทย่อยของกลุ่มบริษัท รวมถึง กำไร (ขาดทุน) สุทธิ สำหรับส่วนที่เป็นของผู้ถือหุ้นเดิมก่อนการปรับโครงสร้างธุรกิจภายใต้การควบคุมเดียวกัน
F4,470000,T15,173,170,0,การแบ่งปันกำไร (ขาดทุน) เบ็ดเสร็จรวม,Total Comprehensive Income (Expense) Attributable To :,No,,B Fix,T,,PL,,,,,,,,"หมายถึง การแบ่งปันกำไร (ขาดทุน) เบ็ดเสร็จรวมสำหรับงวดให้แก่ผู้ถือหุ้น ทั้งในส่วนที่เป็นของบริษัทใหญ่ และส่วนที่เป็นของส่วนได้เสียที่ไม่มีอำนาจควบคุม

การแบ่งปันกำไร (ขาดทุน) เบ็ดเสร็จรวม ประกอบด้วยเลขอ้างอิงที่ 171 ถึง 172"
F4,470100,597,174,171,1,การแบ่งปันกำไร (ขาดทุน) เบ็ดเสร็จรวม : ผู้ถือหุ้นบริษัทใหญ่,Total Comprehensive Income (Expense) Attributable To : Owners Of The Parent,No,,,N,123,PL,,,,,,,,หมายถึง กำไร (ขาดทุน) เบ็ดเสร็จรวมสำหรับส่วนของผู้ถือหุ้นของบริษัทใหญ่
F4,470200,596,175,172,1,การแบ่งปันกำไร (ขาดทุน) เบ็ดเสร็จรวม : ส่วนได้เสียที่ไม่มีอำนาจควบคุม,Total Comprehensive Income (Expense) Attributable To : Non-Controlling Interests,No,,,N,123,PL,รวมถึง กำไร (ขาดทุน) เบ็ดเสร็จรวม สำหรับส่วนที่เป็นของผู้ถือหุ้นเดิมก่อนการปรับโครงสร้างธุรกิจ,Include total comprehensive income attributable to former shareholders before business restructuring,,,,งบการเงินเฉพาะกิจการไม่ควรมีค่า,Should have no value in Separate financial statements.,หมายถึง กำไร (ขาดทุน) เบ็ดเสร็จรวมสำหรับส่วนของส่วนได้เสียที่ไม่มีอำนาจควบคุมในบริษัทย่อยของกลุ่มบริษัท รวมถึง กำไร (ขาดทุน) เบ็ดเสร็จรวม สำหรับส่วนที่เป็นของผู้ถือหุ้นเดิมก่อนการปรับโครงสร้างธุรกิจภายใต้การควบคุมเดียวกัน
F4,480100,595,176,173,0,กำไร (ขาดทุน) ต่อหุ้นขั้นพื้นฐาน (บาท/หุ้น),Basic Earnings (Loss) Per Share (Baht/Share),No,,B,N,123,PL,"- แสดงผลใน Company Highlight & Fact Sheet
- ใช้ในการคำนวณ EPS","- Displayed in the Company Highlight & Fact Sheet
- For calculation of EPS",,,,,,หมายถึง ส่วนกำไรหรือขาดทุนต่อหุ้นขั้นพื้นฐานที่เป็นของผู้ถือหุ้นสามัญของบริษัทใหญ่ โดยวิธีการคำนวณให้เป็นไปตามที่กำหนดในมาตรฐานการรายงานทางการเงินที่เกี่ยวข้อง 
F4,480200,594,177,174,0,กำไร (ขาดทุน) ต่อหุ้นปรับลด (บาท/หุ้น),Diluted Earnings (Loss) Per Share (Baht/Share),No,,B,N,123,PL,,,,,,,,หมายถึง ส่วนกำไรหรือขาดทุนต่อหุ้นปรับลดที่เป็นของผู้ถือหุ้นสามัญของบริษัทใหญ่ ซึ่งมีการปรับปรุงกำไรหรือขาดทุนที่เป็นของผู้ถือหุ้นสามัญของบริษัทใหญ่และจำนวนถัวเฉลี่ยถ่วงน้ำหนักของหุ้นสามัญที่ถือโดยผู้ถือหุ้นด้วยผลกระทบที่เกี่ยวข้องกับตราสารที่อาจเปลี่ยนเป็นหุ้นสามัญ ที่อาจก่อให้เกิดการลดลงของกำไรต่อหุ้น โดยวิธีการคำนวณให้เป็นไปตามที่กำหนดในมาตรฐานการรายงานทางการเงินที่เกี่ยวข้อง 
F4,550000,T16,178,175,0,เงินสดสุทธิจากกิจกรรมดำเนินงาน,Net Cash From Operating Activities,No,,B Fix,T,,CF,,,,,,,,
F4,550010,602,179,176,0,เบี้ยประกันภัยรับจากการรับประกันภัยโดยตรง,Net Direct Premium Written,559999,1,,N,123,CF,แสดงผลใน Company Highlight & Fact Sheet,Displayed in the Company Highlight & Fact Sheet,,,,,,
F4,550011,603,180,177,0,รายได้จากการลงทุนอื่น,Other Investment Income,559999,1,,N,123,CF,,,,,,,,
F4,550019,604,181,178,0,รายได้อื่น,Other Income,559999,1,,N,123,CF,,,,,,,,
F4,550020,605,182,179,0,เงินจ่ายตามกรมธรรม์ประกันภัยที่เกิดขึ้นระหว่างงวด,Benefit Payments To Life Policy Holders During The Period,559999,1,,N,123,CF,,,,,,,,
F4,550021,606,183,180,0,ค่าจ้างและค่าบำเหน็จจากการรับประกันภัยโดยตรง,Commissions And Brokerages Of Direct Insurance,559999,1,,N,123,CF,,,,,,,,
F4,550022,607,184,181,0,เงินรับ (เงินจ่าย) เกี่ยวกับการประกันภัยต่อ,Reinsurance Received (Paid),559999,1,,N,123,CF,,,,,,,,
F4,550023,608,185,182,0,เงินจ่ายตามกรมธรรม์ประกันภัยและค่าสินไหมทดแทนจากการรับประกันภัยโดยตรง,Benefit Payments To Life Policy Holders And Losses Incurred Of Direct Insurance,559999,1,,N,123,CF,,,,,,,,
F4,550024,609,186,183,0,ค่าสินไหมทดแทนจากการรับประกันภัยโดยตรง,Losses Incurred Of Direct Insurance,559999,1,,N,123,CF,,,,,,,,
F4,550025,610,187,184,0,ค่าใช้จ่ายในการรับประกันภัยอื่น,Other Underwriting Expenses,559999,1,,N,123,CF,,,,,,,,
F4,550028,611,188,185,0,ค่าใช้จ่ายในการดำเนินงาน,Operating Expenses,559999,1,,N,123,CF,,,,,,,,
F4,550029,612,189,186,0,ค่าใช้จ่ายอื่น,Other Expenses,559999,1,,N,123,CF,,,,,,,,
F4,559500,906,190,187,0,รับดอกเบี้ย,Interest Received,559999,1,,N,23,CF,,,559600,,,,,
F4,559700,910,191,188,0,รับเงินปันผล,Dividend Received,559999,1,,N,23,CF,,,559800,,,,,
F4,559600,908,192,189,0,จ่ายดอกเบี้ย,Interest Paid,559999,1,,N,12,CF,,,559500,,,,,
F4,559800,911,193,190,0,จ่ายเงินปันผล,Dividend Paid,559999,1,,N,12,CF,,,559700,,,,,
F4,559900,912,194,191,0,(จ่าย) คืนภาษีเงินได้,Income Tax (Paid) Received,559999,1,,N,123,CF,,,,,,,,
F4,550030,613,195,192,0,เงินสดรับจากสินทรัพย์ทางการเงิน,Proceeds From Financial Assets,559999,1,,N,23,CF,,,550040,,,,,
F4,550031,614,196,193,1,เงินลงทุนในหลักทรัพย์,Investment In Securities,550030,1,,N,23,CF,,,550041,,,,,
F4,550032,615,197,194,1,เงินให้กู้ยืม,Loan Receivables,550030,1,,N,23,CF,,,550042,,,,,
F4,550033,616,198,195,1,เงินลงทุนอื่น,Other Investments,550030,1,,N,23,CF,,,550043,,,,,
F4,550040,617,199,196,0,เงินสดจ่ายจากสินทรัพย์ทางการเงิน,Payment For Financial Assets,559999,1,,N,12,CF,,,550030,,,,,
F4,550041,618,200,197,1,เงินลงทุนในหลักทรัพย์,Investment In Securities,550040,1,,N,12,CF,,,550031,,,,,
F4,550042,619,201,198,1,เงินให้กู้ยืม,Loan Receivables,550040,1,,N,12,CF,,,550032,,,,,
F4,550043,620,202,199,1,เงินลงทุนอื่น,Other Investments,550040,1,,N,12,CF,,,550033,,,,,
F4,550050,621,203,200,0,เงินสดรับจากอสังหาริมทรัพย์เพื่อการลงทุน,Proceeds From Investment Properties,559999,1,,N,23,CF,,,550060,,,,,
F4,550060,622,204,201,0,เงินสดจ่ายซื้ออสังหาริมทรัพย์เพื่อการลงทุน,Payment For Investment Properties,559999,1,,N,12,CF,,,550050,,,,,
F4,556910,679,205,202,0,เงินสดรับจากลูกหนี้ที่เกิดจากภาษีอื่นหรือรายการอื่นภายใต้กฎหมาย,Proceeds From Other Tax Or Other Receivables Under Law And Regulations,559999,1,,N,23,CF,,,558810,,,,,
F4,558810,902,206,203,0,เงินสดจ่ายเจ้าหนี้ที่เกิดจากภาษีอื่นหรือรายการอื่นภายใต้กฎหมาย,Payment For Other Tax Or Other Payables Under Law And Regulations,559999,1,,N,12,CF,,,556910,,,,,
F4,555000,660,207,204,0,รายการปรับปรุงอื่น ๆ,Other Reconciliation Items,559999,1,,N,123,CF,,,,,,,,
F4,559999,699,208,205,0,เงินสดสุทธิได้มาจาก (ใช้ไปใน) กิจกรรมดำเนินงาน,Net Cash From (Used In) Operating Activities,509999,1,B,NV,123,CF,,,,,Y,,,
F4,520000,T19,209,206,0,เงินสดสุทธิจากกิจกรรมลงทุน,Net Cash From Investing Activities,No,,B Fix,T,,CF,,,,,,,,
F4,521000,711,210,207,0,เงินสดรับจากการจำหน่ายทรัพย์สินรอการขาย,Proceeds From Disposal Of Properties Foreclosed,529999,1,,N,123,CF,,,,,,,,
F4,521100,712,211,208,0,เงินสดรับจากการจำหน่ายเงินลงทุนในบริษัทย่อย บริษัทร่วม และการร่วมค้า,"Proceeds From Disposal Of Investment In Subsidiaries, Associates And Joint Ventures",529999,1,,N,23,CF,,,521200,,,,,
F4,521200,715,212,209,0,เงินสดจ่ายซื้อเงินลงทุนในบริษัทย่อย บริษัทร่วม และการร่วมค้า,"Payment For Purchase Of Investment In Subsidiaries, Associates And Joint Ventures",529999,1,,N,12,CF,,,521100,,,,,
F4,521600,739,213,210,0,เงินสดรับจากการขายสินทรัพย์ถาวร,Proceeds From Disposal Of Fixed Assets,529999,1,,N,23,CF,,,521700,,,,,
F4,521610,740,214,211,1,ที่ดิน อาคาร และอุปกรณ์,"Property, Plant And Equipment",521600,1,,N,23,CF,,,521710,,,,,
F4,521620,741,215,212,1,สินทรัพย์ไม่มีตัวตน,Intangible Assets,521600,1,,N,23,CF,,,521720,,,,,
F4,521630,742,216,213,1,อสังหาริมทรัพย์เพื่อการลงทุน,Investment Properties,521600,1,,N,23,CF,,,521730,,,,,
F4,521640,743,217,214,1,สินทรัพย์สิทธิการใช้,Right-Of-Use Assets,521600,1,,N,23,CF,,,521740,,,,,
F4,521700,744,218,215,0,เงินสดจ่ายจากการซื้อสินทรัพย์ถาวร,Payment For Purchase Of Fixed Assets,529999,1,,N,12,CF,,,521600,,,,,
F4,521710,745,219,216,1,ที่ดิน อาคาร และอุปกรณ์,"Property, Plant And Equipment",521700,1,,N,12,CF,,,521610,,,,,
F4,521720,746,220,217,1,สินทรัพย์ไม่มีตัวตน,Intangible Assets,521700,1,,N,12,CF,,,521620,,,,,
F4,521730,747,221,218,1,อสังหาริมทรัพย์เพื่อการลงทุน,Investment Properties,521700,1,,N,12,CF,,,521630,,,,,
F4,521740,748,222,219,1,สินทรัพย์สิทธิการใช้,Right-Of-Use Assets,521700,1,,N,12,CF,,,521640,,,,,
F4,529900,758,223,220,0,รายการอื่น ๆ (กิจกรรมลงทุน),Other Items (Investing Activities),529999,1,,N,123,CF,,,,,,,,
F4,529999,799,224,221,0,เงินสดสุทธิได้มาจาก (ใช้ไปใน) กิจกรรมลงทุน,Net Cash From (Used In) Investing Activities,509999,1,B,NV,123,CF,แสดงผลใน Company Highlight & Fact Sheet,Displayed in the Company Highlight & Fact Sheet,,,Y,,,
F4,530000,T20,225,222,0,เงินสดสุทธิจากกิจกรรมจัดหาเงิน,Net Cash From Financing Activities,No,,B Fix,T,,CF,,,,,,,,
F4,530900,828,226,223,0,เงินสดรับจากการจำหน่ายตราสารทุน,Proceeds From Issuance Of Equity Instruments,539999,1,,N,123,CF,,,,,,,,
F4,531100,830,227,224,0,เงินสดรับล่วงหน้าค่าหุ้น,Proceeds From Share Subscription Received In Advance,539999,1,,N,123,CF,,,,,,,,
F4,531200,831,228,225,0,เงินสดจ่ายเพื่อซื้อหุ้นทุนซื้อคืน,Payment For Purchase Of Treasury Shares,539999,1,,N,12,CF,,,531300,,,,,
F4,531300,832,229,226,0,เงินสดรับจากการจำหน่ายหุ้นทุนซื้อคืน,Proceeds From Reissuance Of Treasury Shares,539999,1,,N,23,CF,,,531200,,,,,
F4,531700,836,230,227,0,เงินสดรับจากการเปลี่ยนแปลงส่วนได้เสียในความเป็นเจ้าของในบริษัทย่อย,Proceeds From Changes In Interest In Subsidiaries,539999,1,,N,23,CF,,,531800,,,,,
F4,531800,837,231,228,0,เงินสดจ่ายจากการเปลี่ยนแปลงส่วนได้เสียในความเป็นเจ้าของในบริษัทย่อย,Payments For Changes In Interest In Subsidiaries,539999,1,,N,12,CF,,,531700,,,,,
F4,530500,822,232,229,0,เงินสดจ่ายชำระหนี้สินตามสัญญาเช่า,Repayments On Lease Liabilities,539999,1,,N,123,CF,,,,,,,,
F4,539600,838,233,230,0,จ่ายดอกเบี้ย,Interest Paid,539999,1,,N,123,CF,,,,,,,,
F4,539800,839,234,231,0,จ่ายเงินปันผล,Dividend Paid,539999,1,,N,123,CF,แสดงผลใน Company Highlight & Fact Sheet,Displayed in the Company Highlight & Fact Sheet,,,,,,
F4,539900,840,235,232,0,รายการอื่น ๆ (กิจกรรมจัดหาเงิน),Other Items (Financing Activities),539999,1,,N,123,CF,,,,,,,,
F4,539999,899,236,233,0,เงินสดสุทธิได้มาจาก (ใช้ไปใน) กิจกรรมจัดหาเงิน,Net Cash From (Used In) Financing Activities,509999,1,B,NV,123,CF,แสดงผลใน Company Highlight & Fact Sheet,Displayed in the Company Highlight & Fact Sheet,,,Y,,,
F4,509999,951,237,234,0,เงินสดและรายการเทียบเท่าเงินสด เพิ่มขึ้น (ลดลง) สุทธิ,Net Increase (Decrease) In Cash And Cash Equivalent,599999,1,B,NV,123,CF,แสดงผลใน Company Highlight & Fact Sheet,Displayed in the Company Highlight & Fact Sheet,,,,,,
F4,540100,952,238,235,0,ผลกระทบจากอัตราแลกเปลี่ยนในเงินสดและรายการเทียบเท่าเงินสด,Effect Of Exchange Rate Changes On Cash And Cash Equivalents,599999,1,,N,123,CF,,,,,,,,
F4,540200,953,239,236,0,ผลต่างจากอัตราแลกเปลี่ยนจากการแปลงค่างบการเงิน,Differences Of Foreign Currency Exchange On Financial Statements Translation,599999,1,,N,123,CF,,,,,,,,
F4,540300,954,240,237,0,รายการอื่น ๆ,Other Items,599999,1,,N,123,CF,,,,,,,,
F4,599998,955,241,238,0,เงินสดและรายการเทียบเท่าเงินสด ต้นงวด,"Cash And Cash Equivalents, Beginning Balance",599999,1,,N,123,CF,,,,,,,,
F4,599999,956,242,239,0,เงินสดและรายการเทียบเท่าเงินสด สิ้นงวด,"Cash And Cash Equivalents, Ending Balance",No,,BU,NV,123,CF,,,,Y,Y,,,