form_no,set_code,dm_code,running_number,reference_no,indent,item_in_taxonomy,item_in_taxonomy_en,parent_code,parent_code_operation,formating,data_type,symbol,financial_statement_type,fs_category,description_th,description_en,opposite_code_short,mandatory_mapping,zone_code,warning_mapping_msg_th,warning_mapping_msg_en,meaning_of_taxonomy,historical_name
F5,100000,T1,1,1,0,สินทรัพย์,Assets,No,,B Fix,T,,BS_A,สินทรัพย์,,,,,,,,สินทรัพย์ ประกอบด้วยเลขอ้างอิงที่ 2 ถึง 45,
F5,100400,5,2,2,0,เงินลงทุนที่แสดงด้วยมูลค่ายุติธรรมผ่านกำไรหรือขาดทุน,Investments At Fair Value Through Profit Or Loss,109999,1,,N,23,BS_A,สินทรัพย์,,,,,,,,หมายถึง สินทรัพย์ทางการเงินทั้งที่เป็นตราสารหนี้และตราสารทุนที่วัดมูลค่าด้วยมูลค่ายุติธรรมผ่านกำไรหรือขาดทุน (Mandatory fair value to profit or loss) และสินทรัพย์ทางการเงินที่กำหนดให้วัดมูลค่าด้วยมูลค่ายุติธรรมผ่านกำไรหรือขาดทุน (Designated fair value to profit or loss),เงินลงทุนที่แสดงด้วยมูลค่ายุติธรรมผ่านกำไรหรือขาดทุน(ราคาทุน:ล้านบาท(:ล้านบาท)) หรือ เงินลงทุนในสัญญาซื้อและโอนสิทธิรายได้สุทธิตามมูลค่ายุติธรรม(ราคาทุน:ล้านบาท(:ล้านบาท)) หรือ เงินลงทุนที่แสดงด้วยมูลค่ายุติธรรมผ่านกำไรหรือขาดทุน(ราคาทุนณวันที่:ล้านบาทและณวันที่:ล้านบาท) หรือ เงินลงทุนในหลักทรัพย์ตามมูลค่ายุติธรรม(ราคาทุน:ล้านบาท(:ล้านบาท)) หรือ และณวันที่:ล้านบาท)
F5,100500,6,3,3,0,เงินลงทุนในอสังหาริมทรัพย์ตามมูลค่ายุติธรรม,Investments In Properties At Fair Value,109999,1,,N,23,BS_A,สินทรัพย์,,,,,,,,หมายถึง เงินลงทุนในอสังหาริมทรัพย์ และสิทธิการเช่าอสังหาริมทรัพย์ ที่วัดมูลค่ายุติธรรมของอสังหาริมทรัพย์เพื่อการลงทุนตามมาตรฐานการรายงานทางการเงินฉบับที่ 13 เรื่อง การวัดมูลค่ายุติธรรม ที่รับรู้การเปลี่ยนแปลงมูลค่ายุติธรรมผ่านกำไรขาดทุน กองทุนต้องแน่ใจว่ามูลค่ายุติธรรมนั้นสะท้อนถึงรายได้ค่าเช่าจากสัญญาเช่าในปัจจุบัน และข้อสมมติอื่นซึ่งผู้ร่วมตลาดนำมาใช้ในการกำหนดราคาอสังหาริมทรัพย์เพื่อการลงทุนภายใต้สถานการณ์ตลาดปัจจุบัน,เงินลงทุนในทรัพย์สินเส้นใยแก้วนำแสงตามมูลค่ายุติธรรม(ราคาทุน:ล้านบาท) หรือ เงินลงทุนในอสังหาริมทรัพย์และสิทธิการเช่าอสังหาริมทรัพย์ตามมูลค่ายุติธรรม หรือ อสังหาริมทรัพย์ตามมูลค่ายุติธรรม หรือ เงินลงทุนในอสังหาริมทรัพย์ตามมูลค่ายุติธรรม(ราคาทุนบาท)
F5,100100,1,5,4,0,เงินสดและรายการเทียบเท่าเงินสด,Cash And Cash Equivalents,109999,1,,N,23,BS_A,สินทรัพย์,แสดงผลใน Company Highlight & Fact Sheet,Displayed in the Company Highlight & Fact Sheet,,,,,,"หมายถึง รายการดังต่อไปนี้
1. เงินสด หมายถึง เงินสดในมือและเงินฝากธนาคารที่ต้องจ่ายคืนเมื่อทวงถาม เช่น
1.1 ธนบัตรและเหรียญกษาปณ์ที่กองทุนมีอยู่ รวมทั้งเงินสดย่อย ธนาณัติตั๋วแลกเงินไปรษณีย์
1.2 เงินฝากธนาคารกระแสรายวันและออมทรัพย์ ทั้งนี้เงินสดไม่รวมถึงเงินฝากธนาคารประเภทจ่ายคืนเมื่อสิ้นระยะเวลา (เงินฝากประจำ)
1.3 เช็คที่ถึงกำหนดชำระแต่ยังมิได้นำฝาก เช็คเดินทาง ดราฟต์ของธนาคาร

2. รายการเทียบเท่าเงินสด หมายถึง เงินลงทุนระยะสั้นที่มีสภาพคล่องสูง (ภายในระยะเวลา 3 เดือน) ซึ่งพร้อมที่จะเปลี่ยนเป็นเงินสดในจำนวนที่ทราบได้และมีความเสี่ยงที่ไม่มีนัยสำคัญต่อการเปลี่ยนแปลงในมูลค่า เช่น เงินลงทุนในตั๋วแลกเงิน / ตั๋วสัญญาใช้เงิน ซึ่งมีอายุไม่เกิน 3 เดือนนับจากวันที่ได้มา เงินฝากประจำที่มีอายุไม่เกิน 3 เดือน รวมถึงเงินฝากที่มีข้อจำกัดในการใช้ที่ข้อจำกัดในการใช้นั้นไม่เป็นนัยสำคัญ",เงินฝากสถาบันการเงิน
F5,100300,3,6,5,0,เงินฝากสถาบันการเงินที่มีข้อจำกัดในการใช้,Restricted Deposits,109999,1,,N,23,BS_A,สินทรัพย์,รวมถึง เงินฝากที่ใช้เป็นหลักประกันเงินกู้ยืมซึ่งไม่สามารถนำไปใช้ได้อย่างไม่มีเงื่อนไข,Include deposits used as a collateral for loans which cannot be withdrawn unconditionally,,,,,,หมายถึง เงินฝากสถาบันการเงินทุกประเภทที่มีข้อจำกัดในการนำไปใช้ เช่น เงินฝากประจำหรือเงินฝากออมทรัพย์ที่ใช้เป็นหลักประกันเงินกู้ซึ่งไม่สามารถนำไปใช้ได้อย่างไม่มีเงื่อนไข นอกเหนือจากเลขอ้างอิงที่ 4,เงินฝากสถาบันการเงินที่ติดภาระค้ำประกัน
F5,102000,44,7,6,0,ลูกหนี้การค้าและลูกหนี้อื่น - สุทธิ,Trade And Other Receivables - Net,109999,1,,R,23,BS_A,สินทรัพย์,ลูกหนี้อื่น รวมถึง เงินทดรอง ลูกหนี้ค่าดอกเบี้ยและเงินปันผลค้างรับ ลูกหนี้จากการขายสินทรัพย์ถาวร ,"Other receivables include advance, interest and dividend receivables, receivables from disposal of fixed assets.",,,,,,"หมายถึง ลูกหนี้การค้าและลูกหนี้อื่นซึ่งกองทุนคาดว่าจะได้รับชำระ สุทธิจากค่าเผื่อผลขาดทุนด้านเครดิตที่คาดว่าจะเกิดขึ้น ประกอบด้วยรายการดังต่อไปนี้
1. ลูกหนี้การค้า หมายถึง สิทธิของกองทุนโดยปราศจากเงื่อนไขที่มีต่อสิ่งตอบแทนยกเว้นเงื่อนไขการจ่ายชำระสิ่งตอบแทนที่เป็นไปตามกำหนดเวลาที่ผ่านไป เช่น เงินที่ลูกค้าค้างชำระค่าสินค้าหรือค่าบริการที่กองทุนได้ส่งมอบสินค้าหรือให้บริการเสร็จสิ้นแล้ว เหลือเพียงแต่ระยะเวลาการจ่ายชำระตามกำหนดเวลาสินเชื่อ (Credit term) เท่านั้น หรือ ลูกหนี้ตามสัญญาเช่าในกรณีที่กองทุนประกอบธุรกิจให้เช่าเป็นธุรกิจหลักลูกหนี้ตามตั๋วเงินรับอันเกิดจากค่าสินค้าหรือบริการดังกล่าว 
2. ลูกหนี้อื่น หมายถึง ลูกหนี้อื่นที่ไม่ใช่ลูกหนี้การค้า เช่น เงินทดรองจ่าย ลูกหนี้จากการขายสินทรัพย์ถาวร ลูกหนี้จากสัญญาโอนขายทรัพย์สินและสิทธิรายได้ เป็นต้น

ลูกหนี้การค้าและลูกหนี้อื่น - สุทธิ ประกอบด้วยเลขอ้างอิงที่ 7 ถึง 15",
F5,102070,56,8,7,1,ลูกหนี้จากเงินปันผลและดอกเบี้ย,Dividend And Interest Receivables,102000,1,,N,23,BS_A,สินทรัพย์,,,,,,,,หมายถึง ลูกหนี้จากเงินปันผลและดอกเบี้ย ประกอบด้วยเลขอ้างอิงที่ 8 ถึง 9,
F5,102071,57,9,8,2,ลูกหนี้จากเงินปันผล,Dividend Receivables,102070,1,,N,23,BS_A,สินทรัพย์,,,,,,,,หมายถึง เงินปันผลรับจากเงินลงทุนที่กองทุนถือในฐานะผู้ถือเงินลงทุน ซึ่งกองทุนมีสิทธิที่จะได้รับและได้รับรู้เป็นรายได้ แต่ยังไม่ได้รับชำระเงิน,
F5,102072,58,10,9,2,ลูกหนี้จากดอกเบี้ย,Interest Receivables,102070,1,,N,23,BS_A,สินทรัพย์,,,,,,,,หมายถึง ดอกเบี้ยรับจากค่าตอบแทนอันเกิดจากการให้ผู้อื่นใช้เงินสด  ทั้งในส่วนที่ได้รับเป็นเงินสด รายการเทียบเท่าเงินสด หรือจำนวนค้างรับของกองทุน ซึ่งกองทุนมีสิทธิที่จะได้รับและได้รับรู้เป็นรายได้ แต่ยังไม่ได้รับชำระเงิน,ดอกเบี้ยค้างรับ หรือ ลูกหนี้จากดอกเบี้ยค้างรับ
F5,102080,59,11,10,1,ลูกหนี้จากการให้เช่าและบริการ,Rental And Service Receivables,102000,1,,N,23,BS_A,สินทรัพย์,,,,,,,,หมายถึง ลูกหนี้จากการให้เช่าและบริการ ประกอบด้วยเลขอ้างอิงที่ 11 ถึง 12,ลูกหนี้ค่าเช่าและบริการ
F5,102081,60,12,11,2,ลูกหนี้จากการให้เช่า,Rental Receivables,102080,1,,N,23,BS_A,สินทรัพย์,,,,,,,,หมายถึง รายได้จากการให้เช่าที่ได้รับรู้เป็นรายได้ แต่ยังไม่ได้รับชำระเงิน,ลูกหนี้ค่าเช่า-สุทธิ หรือ ลูกหนี้จากการให้เช่าและค่าปรับค้างรับ หรือ ลูกหนี้ค่าเช่า
F5,102082,61,13,12,2,ลูกหนี้จากการให้บริการ,Service Receivables,102080,1,,N,23,BS_A,สินทรัพย์,,,,,,,,หมายถึง รายได้จากการให้บริการที่ได้รับรู้เป็นรายได้ แต่ยังไม่ได้รับชำระเงิน,
F5,102091,63,14,13,1,ลูกหนี้จากการขายเงินลงทุน,Receivables From Sales Of Investments,102000,1,,N,23,BS_A,สินทรัพย์,,,,,,,,หมายถึง รายได้จากการขายเงินลงทุนที่เข้าเงื่อนไขการรับรู้รายได้ตาม TFRS 15 แล้วแต่ยังไม่ได้รับชำระ,
F5,102090,62,15,14,1,ลูกหนี้อื่น,Other Receivables,102000,1,,N,23,BS_A,สินทรัพย์,,,,,,,,หมายถึง ลูกหนี้อื่น นอกเหนือจากเลขอ้างอิงที่ 7 ถึง 13 เช่น เงินทดรองจ่าย ลูกหนี้จากการขายสินทรัพย์ถาวร ลูกหนี้จากสัญญาโอนขายทรัพย์สินและสิทธิรายได้,ลูกหนี้ค้างรับ หรือ ลูกหนี้บริษัทประกันภัย
F5,102099,64,16,15,1,ลูกหนี้การค้าและลูกหนี้อื่น - อื่น ๆ,Trade And Other Receivables - Others,102000,1,,N,23,BS_A,สินทรัพย์,,,,,,,,หมายถึง ลูกหนี้การค้าและลูกหนี้อื่น นอกเหนือจากเลขอ้างอิงที่ 7 ถึง 14,ลูกหนี้จากสัญญาซื้อและโอนสิทธิรายได้สุทธิ
F5,102100,65,17,16,0,ค่าใช้จ่ายรอการตัดบัญชี,Deferred Expense,109999,1,,N,23,BS_A,สินทรัพย์,,,,,,,,หมายถึง ค่าใช้จ่ายในการออกส่วนได้เสีย หรือต้นทุนต่าง ๆ ในการออกหรือการได้มาซึ่งตราสารทุนของกองทุนเอง รวมถึงค่าใช้จ่ายอื่นใดที่เกิดก่อนวันที่ 1 มกราคม 2563 ซึ่งเคยบันทึกรายจ่ายดังกล่าวไว้เป็นค่าใช้จ่ายรอการตัดบัญชีและทยอยตัดเป็นค่าใช้จ่ายตลอดระยะเวลาที่คาดว่าจะได้รับประโยชน์จากรายจ่าย แต่ไม่เกิน 5 ปี โดยเป็นไปตามมาตรฐานการบัญชีฉบับที่ 106 การบัญชีสำหรับกิจการที่ดำเนินธุรกิจเฉพาะด้านการลงทุนนั้น กองทุนสามารถทยอยตัดเป็นค่าใช้จ่ายต่อไปได้ตามระยะเวลาที่คงเหลือ ทั้งนี้ กองทุนต้องอธิบายเหตุผลดังกล่าวไว้ในหมายเหตุประกอบงบการเงิน รวมทั้ง เปิดเผยข้อมูลผลกระทบต่อมูลค่าทรัพย์สินสุทธิ (Net Asset Value : NAV) หากกองทุนได้บันทึกค่าใช้จ่ายดังกล่าวตามแนวปฏิบัติทางบัญชี 2563 โดยสมาคมบริษัทจัดการลงทุน (AIMC),
F5,102600,84,18,17,0,เงินลงทุนในบริษัทย่อย บริษัทร่วม และการร่วมค้า ที่บันทึกโดยวิธีส่วนได้เสีย - สุทธิ,"Investment In Subsidiaries, Associates And Joint Ventures Using The Equity Method - Net",109999,1,,N,23,BS_A,สินทรัพย์,,,,,,,,"หมายถึง รายการดังต่อไปนี้
1. เงินลงทุนในบริษัทย่อย หมายถึง เงินลงทุนที่กองทุนมีอำนาจควบคุมในกิจการผู้ถูกลงทุนนั้น
2. เงินลงทุนในบริษัทร่วม หมายถึง เงินลงทุนที่กองทุนมีอิทธิพลอย่างมีนัยสำคัญในกิจการผู้ถูกลงทุนนั้น แต่ไม่ถึงกับมีอำนาจควบคุมหรือมีการควบคุมร่วม
3. เงินลงทุนในการร่วมค้า หมายถึง เงินลงทุนที่กองทุนมีอำนาจควบคุมร่วมในกิจการผู้ถูกลงทุนนั้น โดยกองทุนมีสิทธิในสินทรัพย์สุทธิของการร่วมการงานนั้น
 
ทั้งนี้ เฉพาะส่วนของเงินลงทุนที่บันทึกด้วยวิธีส่วนได้เสีย (Equity method) สุทธิจากค่าเผื่อการด้อยค่าเท่านั้น

เงินลงทุนในบริษัทย่อย บริษัทร่วม และการร่วมค้า ที่บันทึกโดยวิธีส่วนได้เสีย - สุทธิ เป็นรายการสุทธิของเลขอ้างอิงที่ 18 ถึง 20",
F5,102610,86,19,18,1,เงินลงทุนในบริษัทย่อย,Investment In Subsidiaries,102600,1,,N,23,BS_A,สินทรัพย์,,,,,,,,หมายถึง เงินลงทุนที่กองทุนมีอำนาจควบคุมในกิจการผู้ถูกลงทุนนั้นที่บันทึกด้วยวิธีส่วนได้เสีย (Equity method) สุทธิจากค่าเผื่อการด้อยค่า,
F5,102620,88,20,19,1,เงินลงทุนในบริษัทร่วม,Investment In Associates,102600,1,,N,23,BS_A,สินทรัพย์,,,,,,,,หมายถึง เงินลงทุนที่กองทุนมีอิทธิพลอย่างมีนัยสำคัญในกิจการผู้ถูกลงทุนนั้น แต่ไม่ถึงกับมีอำนาจควบคุมหรือมีการควบคุมร่วมที่บันทึกด้วยวิธีส่วนได้เสีย (Equity method) สุทธิจากค่าเผื่อการด้อยค่า,
F5,102630,90,21,20,1,เงินลงทุนในการร่วมค้า,Investment In Joint Ventures,102600,1,,N,23,BS_A,สินทรัพย์,,,,,,,,หมายถึง เงินลงทุนที่กองทุนมีอำนาจควบคุมร่วมในกิจการผู้ถูกลงทุนนั้น โดยกองทุนมีสิทธิในสินทรัพย์สุทธิของการร่วมการงานนั้นที่บันทึกด้วยวิธีส่วนได้เสีย (Equity method) สุทธิจากค่าเผื่อการด้อยค่า,
F5,102700,92,22,21,0,เงินลงทุนในบริษัทย่อย บริษัทร่วม และการร่วมค้า ที่บันทึกด้วยวิธีอื่น - สุทธิ,"Investment In Subsidiaries, Associates And Joint Ventures Using Other Methods - Net",109999,1,,N,23,BS_A,สินทรัพย์,เฉพาะส่วนของเงินลงทุนที่บันทึกบัญชีด้วยวิธีราคาทุนสุทธิจากค่าเผื่อการด้อยค่า และ/หรือ วิธีมูลค่ายุติธรรมเท่านั้น,"Only the investments measured at cost , net from the allowance for impairment and/or at fair value .",,,,งบการเงินรวมและงบการเงินที่จัดทำขึ้นตามวิธีส่วนได้เสียไม่ควรมีค่า,Should have no value in Consolidated and EQ method financial statements.,"หมายถึง รายการดังต่อไปนี้
1. เงินลงทุนในบริษัทย่อย หมายถึง เงินลงทุนที่กองทุนมีอำนาจควบคุมในกิจการผู้ถูกลงทุนนั้น 
2. เงินลงทุนในบริษัทร่วม หมายถึง เงินลงทุนที่กองทุนมีอิทธิพลอย่างมีนัยสำคัญในกิจการผู้ถูกลงทุนนั้น แต่ไม่ถึงกับมีอำนาจควบคุมหรือมีการควบคุมร่วม
3. เงินลงทุนในการร่วมค้า หมายถึง เงินลงทุนที่กองทุนมีอำนาจควบคุมร่วมในกิจการผู้ถูกลงทุนนั้น โดยกองทุนมีสิทธิในสินทรัพย์สุทธิของการร่วมการงานนั้น 

ทั้งนี้ เฉพาะส่วนของเงินลงทุนที่บันทึกบัญชีด้วย วิธีราคาทุนสุทธิจากค่าเผื่อการด้อยค่า และ/หรือ วิธีมูลค่ายุติธรรมเท่านั้น

เงินลงทุนในบริษัทย่อย บริษัทร่วม และการร่วมค้า อื่น ๆ - สุทธิ เป็นรายการสุทธิของเลขอ้างอิงที่ 22 ถึง 24",
F5,102710,94,23,22,1,เงินลงทุนในบริษัทย่อย,Investment In Subsidiaries,102700,1,,N,23,BS_A,สินทรัพย์,,,,,,งบการเงินรวมและงบการเงินที่จัดทำขึ้นตามวิธีส่วนได้เสียไม่ควรมีค่า,Should have no value in Consolidated and EQ method financial statements.,หมายถึง เงินลงทุนที่กองทุนมีอำนาจควบคุมในกิจการผู้ถูกลงทุนนั้นที่บันทึกบัญชีด้วยวิธีราคาทุนสุทธิจากค่าเผื่อการด้อยค่า และ/หรือ วิธีมูลค่ายุติธรรม,
F5,102720,96,24,23,1,เงินลงทุนในบริษัทร่วม,Investment In Associates,102700,1,,N,23,BS_A,สินทรัพย์,,,,,,งบการเงินรวมและงบการเงินที่จัดทำขึ้นตามวิธีส่วนได้เสียไม่ควรมีค่า,Should have no value in Consolidated and EQ method financial statements.,หมายถึง เงินลงทุนที่กองทุนมีอิทธิพลอย่างมีนัยสำคัญในกิจการผู้ถูกลงทุนนั้น แต่ไม่ถึงกับมีอำนาจควบคุมหรือมีการควบคุมร่วมที่บันทึกบัญชีด้วยวิธีราคาทุนสุทธิจากค่าเผื่อการด้อยค่า และ/หรือ วิธีมูลค่ายุติธรรม,
F5,102730,98,25,24,1,เงินลงทุนในการร่วมค้า,Investment In Joint Ventures,102700,1,,N,23,BS_A,สินทรัพย์,,,,,,งบการเงินรวมและงบการเงินที่จัดทำขึ้นตามวิธีส่วนได้เสียไม่ควรมีค่า,Should have no value in Consolidated and EQ method financial statements.,หมายถึง เงินลงทุนที่กองทุนมีอำนาจควบคุมร่วมในกิจการผู้ถูกลงทุนนั้น โดยกองทุนมีสิทธิในสินทรัพย์สุทธิของการร่วมการงานนั้นที่บันทึกบัญชีด้วยวิธีราคาทุนสุทธิจากค่าเผื่อการด้อยค่า และ/หรือ วิธีมูลค่ายุติธรรม,
F5,102500,79,26,25,0,เงินให้กู้ยืม,Loan Receivables,109999,1,,N,23,BS_A,สินทรัพย์,,,,,,,,เงินให้กู้ยืม ประกอบด้วยเลขอ้างอิงที่ 26 ถึง 27,
F5,102300,70,27,26,1,เงินให้กู้ยืมระยะสั้น,Short-Term Loan Receivables,102500,1,,N,23,BS_A,สินทรัพย์,,,,,,,,หมายถึง เงินให้กู้ยืมระยะสั้น หรือเงินให้กู้ยืมในลักษณะอื่นใด ที่ครบกำหนดรับชำระภายใน 12 เดือน สุทธิจากค่าเผื่อผลขาดทุนด้านเครดิตที่คาดว่าจะเกิดขึ้น,
F5,102400,73,28,27,1,เงินให้กู้ยืมระยะยาว,Long-Term Loan Receivables,102500,1,,N,23,BS_A,สินทรัพย์,,,,,,,,หมายถึง เงินให้กู้ยืมระยะยาว หรือเงินให้กู้ยืมในลักษณะอื่นใด ที่มีกำหนดชำระเกินกว่า 12 เดือน สุทธิจากค่าเผื่อผลขาดทุนด้านเครดิตที่คาดว่าจะเกิดขึ้น,
F5,102800,100,29,28,0,สินทรัพย์ทางการเงินอื่นที่แสดงด้วยมูลค่ายุติธรรมผ่านกำไรหรือขาดทุน,Other Financial Assets At Fair Value Through Profit Or Loss,109999,1,,N,23,BS_A,สินทรัพย์,,,,,,,,หมายถึง สินทรัพย์ทางการเงินอื่นที่ต้องวัดมูลค่าด้วยมูลค่ายุติธรรมผ่านกำไรหรือขาดทุน (Mandatory fair value through profit or loss) และสินทรัพย์ทางการเงินที่กำหนดให้วัดมูลค่าด้วยมูลค่ายุติธรรมผ่านกำไรหรือขาดทุน (Designated fair value through profit or loss) นอกเหนือจากเลขอ้างอิงที่ 2 ถึง 27,
F5,103200,121,30,29,0,สินทรัพย์ที่เกิดจากสัญญา,Contract Assets,109999,1,,N,23,BS_A,สินทรัพย์,รวมถึง รายได้ค้างรับ,Include accrued income,,,,,,หมายถึง สิทธิที่กองทุนจะได้รับค่าตอบแทนเป็นการแลกเปลี่ยนกับสินค้าหรือบริการซึ่งกองทุนได้โอนการควบคุมในสินค้าหรือบริการให้กับลูกค้าแล้ว โดยสิทธิดังกล่าวเป็นสิทธิที่มีเงื่อนไข (ไม่เข้าเงื่อนไขของการเป็นสิทธิอันปราศจากเงื่อนไขตามที่กำหนดไว้ในรายการลูกหนี้การค้าข้างต้น) กล่าวคือ ยังมีเงื่อนไขบางประการ นอกจากเงื่อนไขเวลา ตัวอย่างเช่น กองทุนต้องปฏิบัติให้เสร็จสิ้นตามผลการปฏิบัติงานในอนาคตเพื่อให้เข้าเงื่อนไขการจ่ายชำระตามสัญญา (Milestone payments) หรือยังไม่ถึงกำหนดเรียกชำระเงินจากลูกค้าตามขั้นความสำเร็จของงาน เป็นต้น ทั้งนี้ รวมถึงรายได้ค้างรับ,รายได้ค้างรับ
F5,103800,130,31,30,0,ที่ดิน อาคาร และอุปกรณ์ - สุทธิ,"Property, Plant And Equipment - Net",109999,1,,N,23,BS_A,สินทรัพย์,แสดงผลใน Company Highlight & Fact Sheet,Displayed in the Company Highlight & Fact Sheet,,,,,,"หมายถึง สินทรัพย์ที่มีตัวตนที่กองทุนมีไว้เพื่อใช้ประโยชน์ในการผลิต หรือเพื่อใช้ในการจำหน่ายสินค้าหรือให้บริการ หรือเพื่อใช้ในการบริหารงาน รวมถึงสังหาริมทรัพย์เพื่อให้เช่า โดยที่กองทุนคาดว่าจะใช้ประโยชน์ได้มากกว่าหนึ่งรอบระยะเวลารายงาน โดยแสดงด้วยราคาทุนหรือมูลค่ายุติธรรมที่ตีใหม่สุทธิจากค่าเสื่อมราคาสะสมและการด้อยค่า 

ทั้งนี้ รวมถึง สินทรัพย์สิทธิการใช้ในที่ดิน อาคาร และอุปกรณ์ ที่เข้าตามคำนิยามข้างต้น ซึ่งกองทุนเลือกที่จะไม่แยกแสดงเป็นสินทรัพย์สิทธิการใช้ - สุทธิ (เลขอ้างอิงที่ 32) ",
F5,103900,132,32,31,0,สินทรัพย์สิทธิการใช้ - สุทธิ,Right-Of-Use Assets - Net,109999,1,,N,23,BS_A,สินทรัพย์,ไม่รวมสินทรัพย์สิทธิการใช้ที่จัดประเภทเป็นอสังหาริมทรัพย์เพื่อการลงทุน ที่กำหนดให้แสดงรวมอยู่ในรายการอสังหาริมทรัพย์เพื่อการลงทุน – สุทธิ,"- Exclude right-of-use assets which are classified as investment properties that are included in investment properties - Net
- For calculation of Fixed Asset Turnover",,,,,,หมายถึง สินทรัพย์ที่แสดงสิทธิของผู้เช่าในการใช้สินทรัพย์ตามสัญญาเช่า สุทธิจากค่าเสื่อมราคาสะสมและการด้อยค่า เฉพาะในกรณีที่กองทุนเลือกที่จะแสดงรายการสินทรัพย์สิทธิการใช้เป็นรายการแยกต่างหาก ทั้งนี้ ไม่รวมสินทรัพย์สิทธิการใช้ที่จัดประเภทเป็นอสังหาริมทรัพย์เพื่อการลงทุน ที่กำหนดให้แสดงรวมอยู่ในเงินลงทุนในอสังหาริมทรัพย์ตามมูลค่ายุติธรรม (เลขอ้างอิงที่ 3) ข้างต้น,
F5,104100,135,33,32,0,สินทรัพย์ไม่มีตัวตน - สุทธิ,Intangible Assets - Net,109999,1,,R,23,BS_A,สินทรัพย์,,,,,,,,"หมายถึง สินทรัพย์ที่ไม่เป็นตัวเงินที่สามารถระบุได้และไม่มีลักษณะทางกายภาพ ที่ไม่ใช่ค่าความนิยม เช่น ลิขสิทธิ์ สิทธิบัตร สิทธิในสัมปทาน เป็นต้น โดยแสดงด้วยราคาทุนหรือมูลค่ายุติธรรมที่ตีใหม่สุทธิจากค่าเสื่อมราคาสะสมและการด้อยค่า 

สินทรัพย์ไม่มีตัวตน – สุทธิ ประกอบด้วยเลขอ้างอิงที่ 34 ถึง 35",
F5,104120,138,34,33,1,ค่าลิขสิทธิ์ซอฟต์แวร์,Software Licences,104100,1,,N,23,BS_A,สินทรัพย์,,,,,,,,หมายถึง สินทรัพย์ไม่มีตัวตนประเภทลิขสิทธิ์ซอฟต์แวร์,
F5,104190,141,35,34,1,สินทรัพย์ไม่มีตัวตน - อื่น ๆ,Intangible Assets - Others,104100,1,,N,23,BS_A,สินทรัพย์,,,,,,,,หมายถึง สินทรัพย์ไม่มีตัวตนประเภทอื่น ๆ ที่นอกเหนือจากเลขอ้างอิงที่ 34,
F5,104200,143,36,35,0,ค่าความนิยม - สุทธิ,Goodwill - Net,109999,1,,N,23,BS_A,สินทรัพย์,,,,,,,,หมายถึง สินทรัพย์ที่แสดงถึงประโยชน์เชิงเศรษฐกิจในอนาคตอื่นที่กองทุนคาดว่าจะได้รับจากการรวมธุรกิจ ซึ่งประโยชน์ในอนาคตอื่นนั้นไม่สามารถระบุและรับรู้เป็นรายการแยกต่างหากได้ เช่น ต้นทุนที่ประหยัดได้จากการรวมธุรกิจ การได้มาซึ่งบุคลากรที่มีความรู้ความสามารถในธุรกิจ เป็นต้น โดยแสดงสุทธิหลังหักค่าเผื่อการด้อยค่า,
F5,104400,146,37,36,0,สินทรัพย์ภาษีเงินได้รอตัดบัญชี,Deferred Tax Assets,109999,1,,N,23,BS_A,สินทรัพย์,,,,,,,,หมายถึง สินทรัพย์ภาษีเงินได้รอตัดบัญชีที่กองทุนจะได้ใช้ประโยชน์ในอนาคต ซึ่งเกิดจากผลแตกต่างชั่วคราว เช่น กองทุนสามารถนำจำนวนดังกล่าวหักเป็นค่าใช้จ่ายทางภาษีในอนาคต ขาดทุนทางภาษีที่กองทุนคาดว่าจะนำไปใช้ประโยชน์ในการลดจำนวนภาษีที่ต้องชำระ รวมทั้งเครดิตภาษีที่กองทุนคาดว่าจะได้รับประโยชน์ในการลดจำนวนภาษีที่ต้องจ่ายชำระ,
F5,104500,148,38,37,0,ภาษีเงินได้นิติบุคคลค้างรับ,Income Tax Receivable,109999,1,,N,23,BS_A,สินทรัพย์,,,,,,,,หมายถึง จำนวนภาษีเงินได้นิติบุคคลที่กองทุนขอคืนหรือสามารถขอคืนได้และกองทุนคาดว่าจะได้รับคืนไม่ว่าจะเป็นในรูปเงินคืนภาษี หรือเครดิตเพื่อลดจำนวนภาษีที่ต้องชำระ,
F5,105000,155,39,38,0,ลูกหนี้ที่เกิดจากภาษีอื่นหรือรายการอื่นภายใต้กฎหมาย,Other Tax Or Other Receivables Under Law And Regulations,109999,1,,R,23,BS_A,สินทรัพย์,,,,,,,,"หมายถึง ลูกหนี้ที่เกิดจากภาษีอื่นหรือรายการอื่นภายใต้กฎหมายซึ่งบังคับใช้กับกองทุน ที่กองทุนสามารถขอคืนได้และคาดว่าจะได้คืน หรือจะได้รับประโยชน์เป็นเครดิตทางภาษี ที่นอกเหนือจากเลขอ้างอิงที่ 37

ลูกหนี้ที่เกิดจากภาษีอื่นหรือรายการอื่นภายใต้กฎหมาย ประกอบด้วยเลขอ้างอิงที่ 39 ถึง 40",
F5,105010,157,40,39,1,ลูกหนี้ภาษีค้างรับ,Other Tax Receivables,105000,1,,N,23,BS_A,สินทรัพย์,รวมถึง ภาษีมูลค่าเพิ่มที่รอขอคืน เครดิตอากรนำเข้าจากกรมศุลกากร,Include claimable value added tax refund and custom duty credit,,,,,,หมายถึง ลูกหนี้ค่าภาษีหรืออากรค้างรับ หรือเครดิตทางภาษีที่จะได้รับจากหน่วยงานจัดเก็บ ภาษีธุรกิจเฉพาะ เครดิตภาษีอากรนำเข้าจากกรมศุลกากร ภาษีมูลค่าเพิ่มที่รอขอคืน ที่กองทุนคาดว่าจะได้รับชำระคืนหรือได้รับประโยชน์ในอนาคต,
F5,105090,163,41,40,1,ลูกหนี้ที่เกิดจากภาษีอื่นหรือรายการอื่นภายใต้กฎหมาย - อื่น ๆ,Other Tax Or Other Receivables Under Law And Regulations - Others,105000,1,,N,23,BS_A,สินทรัพย์,,,,,,,,หมายถึง ลูกหนี้ที่เกิดจากภาษีอื่นหรือรายการอื่นภายใต้กฎหมายซึ่งบังคับใช้กับกองทุน นอกเหนือจากเลขอ้างอิงที่ 39,
F5,104700,151,42,41,0,สินทรัพย์ไม่หมุนเวียน และ/หรือ กลุ่มสินทรัพย์ที่ยกเลิกซึ่งถือไว้เพื่อขาย,Non-Current Assets And/Or The Disposal Group Held For Sale,109999,1,,N,23,BS_A,สินทรัพย์,รวมถึงสินทรัพย์ไม่หมุนเวียน (หรือกลุ่มสินทรัพย์ที่จะจำหน่าย) ที่จัดประเภทเป็นสินทรัพย์ที่ถือไว้เพื่อจ่ายคืนให้แก่ผู้เป็นเจ้าของ,Include non-current assets (or group of assets to be disposed) classified as assets held for distribution to owners,,,,,,หมายถึง สินทรัพย์ไม่หมุนเวียน (หรือกลุ่มสินทรัพย์ไม่หมุนเวียน) ที่กองทุนตั้งใจจะจำหน่ายภายในระยะเวลา 12 เดือน ที่เข้าเงื่อนไขการจัดประเภทเป็นสินทรัพย์ไม่หมุนเวียนที่ถือไว้เพื่อขาย ทั้งนี้ รวมถึงสินทรัพย์ไม่หมุนเวียน (หรือกลุ่มสินทรัพย์ที่จะจำหน่าย) ที่จัดประเภทเป็นสินทรัพย์ที่ถือไว้เพื่อจ่ายคืนให้แก่ผู้ถือหน่วยลงทุน,
F5,109900,165,43,42,0,สินทรัพย์อื่น - สุทธิ,Other Assets - Net,109999,1,,R,23,BS_A,สินทรัพย์,แสดงผลใน Company Highlight & Fact Sheet,Displayed in the Company Highlight & Fact Sheet,,,,,,"หมายถึง สินทรัพย์อื่นนอกเหนือจากเลขอ้างอิงที่ 2 ถึง 41

สินทรัพย์อื่น ประกอบด้วยเลขอ้างอิงที่ 43 ถึง 44",
F5,109910,167,44,43,1,ค่าใช้จ่ายจ่ายล่วงหน้า,Prepayments,109900,1,,N,23,BS_A,สินทรัพย์,ค่าใช้จ่ายจ่ายล่วงหน้าเพื่อบริการ,Prepayments for services,,,,,,หมายถึง ค่าใช้จ่ายที่กองทุนจ่ายล่วงหน้าเพื่อซื้อสินทรัพย์หรือบริการที่กองทุนคาดว่าจะได้รับประโยชน์ในอนาคต,
F5,109990,171,45,44,1,สินทรัพย์อื่น - อื่น ๆ,Other Assets - Others,109900,1,,N,23,BS_A,สินทรัพย์,,,,,,,,หมายถึง สินทรัพย์ประเภทอื่น ๆ นอกเหนือจากเลขอ้างอิงที่ 43,สินทรัพย์อื่น หรือ ดอกเบี้ยค้างรับ
F5,109999,199,46,45,0,รวมสินทรัพย์,Total Assets,299999,1,BU,NV,23,BS_A,สินทรัพย์,,,,Y,Y,,,รวมสินทรัพย์ เป็นผลรวมของเลขอ้างอิงที่ 2 ถึง 44,
F5,200000,T4,47,46,0,หนี้สิน,Liabilities,No,,B Fix,T,,BS_L,หนี้สิน,,,,,,,,หนี้สิน ประกอบด้วยเลขอ้างอิงที่ 47 ถึง 83,
F5,200500,207,48,47,0,เงินเบิกเกินบัญชีและเงินกู้ยืมระยะสั้นจากสถาบันการเงิน,Bank Overdrafts And Short-Term Borrowings From Financial Institutions,209999,1,,N,23,BS_L,หนี้สิน,,,,,,,,หมายถึง เงินเบิกเกินบัญชีธนาคาร หนี้สินที่เกิดจากการกู้ยืมระยะสั้นจากธนาคารพาณิชย์หรือสถาบันการเงินอื่น รวมถึง หนี้สินที่เกิดจากการขายลดหรือขายช่วงตั๋วเงินกับสถาบันการเงิน หนี้สินที่เกิดจากการชำระคืนเจ้าหนี้ก่อนกำหนดตามสัญญา Supplier finance กับทางสถาบันการเงิน ,
F5,201100,215,49,48,0,เจ้าหนี้การค้าและเจ้าหนี้อื่น,Trade And Other Payables,209999,1,,N,23,BS_L,หนี้สิน,,,,,,,,เจ้าหนี้การค้าและเจ้าหนี้อื่น ประกอบด้วยเลขอ้างอิงที่ 49 ถึง 52,
F5,201140,222,50,49,1,เจ้าหนี้การค้า,Trade Payables,201100,1,,N,23,BS_L,หนี้สิน,,,,,,,,"หมายถึง จำนวนเงินที่กองทุนค้างชำระค่าสินค้าหรือค่าบริการที่ซื้อมาเพื่อขายหรือเพื่อใช้ในการผลิตสินค้าหรือบริการตามปกติ และตั๋วเงินจ่ายที่กองทุนออกให้เพื่อชำระค่าสินค้าหรือบริการดังกล่าว ซึ่งการจัดประเภทดังกล่าวขึ้นอยู่กับลักษณะการประกอบธุรกิจของกองทุน
",ค่าธรรมเนียมผู้จัดการอสังหาริมทรัพย์ หรือ ค่าธรรมเนียมผู้จัดการกองทุน หรือ ค่าธรรมเนียมนายทะเบียน หรือ ค่าธรรมเนียมผู้บริหารอสังหาริมทรัพย์
F5,201150,223,51,50,1,เจ้าหนี้จากการแบ่งปันส่วนทุน,Payables For Distribution To Unitholders,201100,1,,N,23,BS_L,หนี้สิน,,,,,,,,หมายถึง จำนวนเงินที่กองทุนค้างชำระแก่ผู้ถือหน่วยลงทุนจากการแบ่งปันส่วนทุน,
F5,201170,226,52,51,1,เจ้าหนี้จากการซื้อเงินลงทุน,Payables From Purchase Of Investments,201100,1,,N,23,BS_L,หนี้สิน,,,,,,,,หมายถึง จำนวนเงินที่กองทุนค้างชำระแก่ผู้ถือเงินลงทุนจากการรับซื้อเงินลงทุน หรือจากการรับคืนหรือรับซื้อคืนส่วนได้เสีย,เจ้าหนี้จากสัญญาซื้อและโอนสิทธิรายได้สุทธิ
F5,201160,224,53,52,1,เจ้าหนี้อื่น,Other Payables,201100,1,,N,23,BS_L,หนี้สิน,รวมถึง เงินทดรองรับ เจ้าหนี้ค่าซื้อสินทรัพย์ถาวร เจ้าหนี้ค่าซื้อธุรกิจ,"Include advances, fixed assets payable, payable from business combination",,,,,,"หมายถึง เจ้าหนี้อื่น นอกเหนือจากเลขอ้างอิงที่ 49 ถึง 51 เช่น เงินทดรองรับ เจ้าหนี้ค่าซื้อสินทรัพย์ถาวร
",เจ้าหนี้อื่นและค่าใช้จ่ายค้างจ่าย
F5,201700,232,55,53,0,เงินกู้ยืมระยะสั้น,Short-Term Borrowings,209999,1,,N,23,BS_L,หนี้สิน,,,,,,,,"หมายถึง เงินกู้ยืมระยะสั้น รวมทั้งหนี้สินในลักษณะอื่นใด ที่ถึงกำหนดชำระภายใน 12 เดือน หรือเงินกู้ยืมประเภทชำระคืนเมื่อทวงถาม ทั้งนี้ ไม่รวมรายการที่จัดเป็นเงินเบิกเกินบัญชีและเงินกู้ยืมระยะสั้นจากสถาบันการเงิน เจ้าการค้าและเจ้าหนี้อื่น เลขอ้างอิงที่ 47 ถึง 52 ที่ได้แยกแสดงไว้เป็นรายการแยกต่างหากข้างต้น

เงินกู้ยืมระยะสั้น ประกอบด้วยเลขอ้างอิงที่ 54 ถึง 55",เงินมัดจำรับจากผู้เช่า
F5,201710,233,56,54,1,บุคคลหรือกิจการอื่น,Other Parties,201700,1,,N,23,BS_L,หนี้สิน,,,,,,,,หมายถึง เงินกู้ยืมระยะสั้นจากบุคคลหรือกิจการที่ไม่มีความเกี่ยวข้องกัน (อ้างอิงตามคำนิยามของบุคคลหรือกิจการที่เกี่ยวข้องกันตาม มาตรฐานการบัญชี ฉบับที่ 24 เรื่อง บุคคลหรือกิจการที่เกี่ยวข้องกัน),
F5,201720,234,57,55,1,บุคคลหรือกิจการที่เกี่ยวข้องกัน,Related Parties,201700,1,,N,23,BS_L,หนี้สิน,,,,,,,,หมายถึง เงินกู้ยืมระยะสั้นจากบุคคลหรือกิจการที่เกี่ยวข้องกัน (อ้างอิงตามคำนิยามของบุคคลหรือกิจการที่เกี่ยวข้องกันตาม มาตรฐานการบัญชี ฉบับที่ 24 เรื่อง บุคคลหรือกิจการที่เกี่ยวข้องกัน),
F5,201800,237,58,56,0,หนี้สินระยะยาว,Long-Term Debts,209999,1,,R,23,BS_L,หนี้สิน,,,,,,,,"หมายถึง เงินกู้ยืมระยะยาว หนี้สินระยะยาวในลักษณะอื่นใดที่จะถึงกำหนดชำระคืนเกินกว่า 12 เดือน เช่น เงินกู้ยืมระยะยาวที่ถึงกำหนดชำระเกินกว่าหนึ่งปี หุ้นกู้ที่ถึงกำหนดชำระเกินกว่าหนึ่งปี หุ้นกู้ด้อยสิทธิที่ถึงกำหนดชำระเกินกว่าหนึ่งปี หุ้นกู้ที่ผู้ถือมีสิทธิไถ่ถอนหรือแปลงสภาพได้ในระยะเวลาเกินกว่าหนึ่งปี หุ้นบุริมสิทธิที่มีลักษณะเป็นหนี้สินทางการเงินที่ผู้ถือมีสิทธิไถ่ถอนหรือแปลงสภาพได้ภายในระยะเวลาหนึ่งปี เป็นต้น

หนี้สินระยะยาว ประกอบด้วยเลขอ้างอิงที่ 57 ถึง 62",
F5,201860,246,59,57,1,สถาบันการเงิน,Financial Institutions,201800,1,,N,23,BS_L,หนี้สิน,,,,,,,,หมายถึง หนี้สินหรือเงินกู้ระยะยาวส่วนที่ถึงกำหนดชำระเกินกว่าหนึ่งปีจากสถาบันการเงิน,เงินกู้ยืมระยะยาวจากธนาคาร หรือ เงินกู้ยืมระยะยาว
F5,201810,238,60,58,1,บุคคลหรือกิจการอื่น,Other Parties,201800,1,,N,23,BS_L,หนี้สิน,,,,,,,,หมายถึง หนี้สินหรือเงินกู้ยืมระยะยาวจากบุคคลหรือกิจการที่ไม่มีความเกี่ยวข้องกัน (อ้างอิงตามคำนิยามของบุคคลหรือกิจการที่เกี่ยวข้องกันตาม มาตรฐานการบัญชี ฉบับที่ 24 เรื่อง บุคคลหรือกิจการที่เกี่ยวข้องกัน),
F5,201820,239,61,59,1,บุคคลหรือกิจการที่เกี่ยวข้องกัน,Related Parties,201800,1,,N,23,BS_L,หนี้สิน,,,,,,,,หมายถึง หนี้สินหรือเงินกู้ยืมระยะยาวจากบุคคลหรือกิจการที่เกี่ยวข้องกัน (อ้างอิงตามคำนิยามของบุคคลหรือกิจการที่เกี่ยวข้องกันตาม มาตรฐานการบัญชี ฉบับที่ 24 เรื่อง บุคคลหรือกิจการที่เกี่ยวข้องกัน),
F5,201830,241,62,60,1,หุ้นกู้,Bonds,201800,1,,N,23,BS_L,หนี้สิน,,,,,,,,หมายถึง ตราสารหนี้ที่กองทุนออกให้แก่ผู้ถือหุ้นกู้ตามที่สำนักงานคณะกรรมการกำกับหลักทรัพย์และตลาดหลักทรัพย์กำหนด โดยผู้ถือมีสิทธิได้รับชำระเงินต้นและดอกเบี้ย และสิทธิในการเข้าร่วมประชุมและออกเสียงลงคะแนนในการประชุมผู้ถือหุ้นกู้ หุ้นกู้ดังกล่าวอาจมีหลายประเภทขึ้นอยู่กับประเภทที่ระบุในแบบแสดงรายการข้อมูลการเสนอขายตราสารหนี้ เช่น หุ้นกู้ด้อยสิทธิ หุ้นกู้ไม่ด้อยสิทธิ และหุ้นกู้ไม่ด้อยสิทธิ หุ้นกู้แปลงสภาพ เป็นต้น,
F5,201840,243,63,61,1,หุ้นกู้ที่มีลักษณะคล้ายทุน,Perpetual Bonds,201800,1,,N,23,BS_L,หนี้สิน,ตราสารหนี้ที่มีลักษณะคล้ายทุน ซึ่งเข้าเงื่อนไขของการจัดประเภทเป็นหนี้สิน,For perpetual bond or equity instrument issued that are classified as liabilities,,,,,,หมายถึง ตราสารหนี้ที่กองทุนออกให้แก่ผู้ถือหุ้นโดยการกำหนดสิทธิของผู้ถือตราสารไว้ด้อยกว่าสิทธิของเจ้าหนี้สามัญทั่วไป ซึ่งลักษณะ ระยะเวลาการจ่ายชำระของผู้ออกตราสาร และเงื่อนไข รวมถึงข้อกำหนดสิทธิของผู้ถือตราสารจะเป็นไปตามที่ระบุไว้ในแบบแสดงรายการข้อมูลการเสนอขายตราสารหนี้ เช่น ประเภทของตราสาร การระบุระยะเวลาการไถ่ถอน และการระบุระยะเวลาการจ่ายชำระดอกเบี้ย เป็นต้น ซึ่งโดยทั่วไปจะไม่มีการกำหนดระยะเวลาการไถ่ถอนที่แน่นอน ทั้งนี้ เฉพาะตราสารหนี้ที่มีลักษณะคล้ายทุนที่บริษัทจัดประเภทรายการเป็นหนี้สินทางการเงิน,
F5,201890,248,64,62,1,หนี้สินระยะยาว - อื่น ๆ,Long-Term Debts - Others,201800,1,,N,23,BS_L,หนี้สิน,รวมถึง หุ้นบุริมสิทธิซึ่งเข้าเงื่อนไขของการจัดประเภทเป็นส่วนของทุน,Include preference shares that are classified as liabilities,,,,,,หมายถึง หนี้สินทางการเงินระยะยาวอื่น นอกเหนือจากเลขอ้างอิงที่ 57 ถึง 61,เงินกู้ยืมระยะยาว
F5,200400,203,65,63,0,หนี้สินทางการเงินที่วัดมูลค่าด้วยมูลค่ายุติธรรมผ่านกำไรหรือขาดทุน,Financial Liabilities Measured At Fair Value Through Profit Or Loss,209999,1,,N,23,BS_L,หนี้สิน,รวมถึง หนี้สินทางการเงินเพื่อค้า เช่น ภาระในการส่งคืนหลักทรัพย์ และ เงินรับฝาก ตั๋วแลกเงิน ตั๋วสัญญาใช้เงิน หุ้นกู้และเงินกู้ยืมที่มีอนุพันธ์แฝง ที่กิจการกำหนดให้วัดมูลค่าด้วยมูลค่ายุติธรรมผ่านกำไรหรือขาดทุน,"Include trading financial liabilities, such as obligation to deliver securities and deposits, bills of exchange, promissory notes, debentures and borrowings with embedded derivatives that the company has designated at fair value through profit or loss",,,,,,หมายถึง หนี้สินทางการเงินที่ต้องวัดมูลค่าด้วยมูลค่ายุติธรรมผ่านกำไรหรือขาดทุน (Mandatory fair value through profit or loss) และหนี้สินทางการเงินที่กำหนดให้วัดมูลค่าด้วยมูลค่ายุติธรรมผ่านกำไรหรือขาดทุน (Designated fair value through profit or loss) เช่น ภาระผูกพันที่จะต้องส่งมอบหลักทรัพย์ที่ขายขณะที่ไม่ได้ครอบครอง ภาระผูกพันที่จะต้องส่งคืนหลักทรัพย์ที่ยืมมา เจ้าหนี้ขายคืนส่วนได้เสีย หนี้สินตราสารอนุพันธ์ เป็นต้น ซึ่งกองทุนต้องวัดมูลค่าหนี้สินทางการเงินดังกล่าวด้วยมูลค่ายุติธรรม,
F5,202200,257,66,64,0,หนี้สินทางการเงินอื่น,Other Financial Liabilities,209999,1,,R,23,BS_L,หนี้สิน,,,,,,,,"หมายถึง หนี้สินทางการเงินที่วัดมูลค่าด้วยราคาทุนตัดจำหน่าย ซึ่งกองทุนมีภาระผูกพันตามสัญญาที่จะส่งมอบเงินสดหรือสินทรัพย์ทางการเงินอื่นให้กิจการอื่น หรือที่จะแลกเปลี่ยนสินทรัพย์ทางการเงินหรือหนี้สินทางการเงินกับกิจการอื่นภายใต้เงื่อนไขที่น่าจะทำให้กองทุนเสียประโยชน์

หนี้สินทางการเงินที่วัดมูลค่าด้วยราคาทุนตัดจำหน่าย ประกอบด้วยเลขอ้างอิงที่ 65 ถึง 66",
F5,202210,258,67,65,1,เงินมัดจำ,Deposits,202200,1,,N,23,BS_L,หนี้สิน,,,,,,,,หมายถึง เงินมัดจำที่กองทุนได้รับมา และต้องจ่ายชำระคืนในอนาคตตามเงื่อนไขของสัญญา,เงินมัดจำรับจากลูกค้า หรือ เงินมัดจำการให้เช่า-บริษัทอื่น หรือ เงินมัดจำรับค่าเช่าและบริการ หรือ เงินมัดจำการให้เช่า-บริษัทที่เกี่ยวข้องกัน หรือ เงินมัดจำรับจากผู้เช่า
F5,202290,262,68,66,1,หนี้สินทางการเงินอื่น - อื่น ๆ,Other Financial Liabilities - Others,202200,1,,N,23,BS_L,หนี้สิน,,,,,,,,หมายถึง หนี้สินทางการเงินที่วัดมูลค่าด้วยราคาทุนตัดจำหน่ายประเภทอื่น ๆ นอกเหนือจากเลขอ้างอิงที่ 65,
F5,202300,264,69,67,0,หนี้สินที่เกิดจากสัญญาและค่าเช่ารับล่วงหน้า,Contract Liabilities And Unearned Rental Income,209999,1,,R,23,BS_L,หนี้สิน,,,,,,,,"หมายถึง หนี้สินที่เกิดจากสัญญาที่ทำกับลูกค้า หรือภาระผูกพันของกองทุนในการโอนการควบคุมในสินค้าหรือบริการให้กับลูกค้า ซึ่งกองทุนได้รับค่าตอบแทนจากลูกค้าเป็นจำนวนเงินที่เกินกว่าสินค้าหรือบริการที่กองทุนจะต้องปฏิบัติตามสัญญา ทั้งนี้รวมถึง เงินรับล่วงหน้าจากลูกค้า เงินที่ชำระตามสัญญาในส่วนที่เกินกว่าภาระที่ต้องปฏิบัติที่ส่งมอบหรือปฏิบัติเสร็จสิ้นแล้ว และค่าเช่ารับล่วงหน้าจากสัญญาเช่าดำเนินงานที่กองทุนเป็นผู้ให้เช่า

หนี้สินที่เกิดจากสัญญาและค่าเช่ารับล่วงหน้า ประกอบด้วยเลขอ้างอิงที่ 68 ถึง 69",
F5,202310,266,70,68,1,ค่าเช่ารับล่วงหน้า,Unearned Rental Income,202300,1,,N,23,BS_L,หนี้สิน,,,,,,,,หมายถึง ค่าเช่าที่กองทุนรับล่วงหน้าจากลูกค้าภายใต้สัญญาเช่าดำเนินงาน,รายได้ค่าเช่ารับล่วงหน้า
F5,202320,268,71,69,1,รายได้รับล่วงหน้า - อื่น ๆ,Deferred Revenue - Others,202300,1,,N,23,BS_L,หนี้สิน,รวมถึง เงินรับล่วงหน้า รายได้รับล่วงหน้า เงินมัดจำตามสัญญาจากลูกค้า ที่บริษัทต้องส่งมอบสินค้าหรือบริการให้แก่ลูกค้าในอนาคต,"Include advance received, unearned revenue, deposits/installment received from customers in which the company will deliver goods or services in the future.",,,,,,หมายถึง หนี้สินที่เกิดจากสัญญาที่ทำกับลูกค้า หรือภาระผูกพันของกองทุนในการโอนการควบคุมในสินค้าหรือบริการให้กับลูกค้า ซึ่งกองทุนได้รับค่าตอบแทนจากลูกค้าเป็นจำนวนเงินที่เกินกว่าสินค้าหรือบริการที่กองทุนจะต้องปฏิบัติตามสัญญา ทั้งนี้รวมถึง เงินรับล่วงหน้าจากลูกค้า เงินที่ชำระตามสัญญาในส่วนที่เกินกว่าภาระที่ต้องปฏิบัติที่ส่งมอบหรือปฏิบัติเสร็จสิ้นแล้ว นอกเหนือจากเลขอ้างอิงที่ 68,
F5,202390,270,72,70,1,หนี้สินที่เกิดจากสัญญาและค่าเช่ารับล่วงหน้า - อื่น ๆ,Contract Liabilities And Unearned Rental Income - Others,202300,1,,N,23,BS_L,หนี้สิน,,,,,,,,หมายถึง หนี้สินที่เกิดจากสัญญาและค่าเช่ารับล่วงหน้าที่นอกเหนือจากเลขอ้างอิงที่ 68 ถึง 69,
F5,202400,272,73,71,0,หนี้สินตามสัญญาเช่า,Lease Liabilities,209999,1,,N,23,BS_L,หนี้สิน,,,,,,,,หมายถึง หนี้สินจากสัญญาเช่า ทั้งนี้ให้เป็นไปตามที่มาตรฐานการรายงานทางการเงินที่เกี่ยวข้อง,
F5,202800,280,74,72,0,ประมาณการหนี้สิน,Provisions,209999,1,,N,23,BS_L,หนี้สิน,แสดงผลใน Company Highlight & Fact Sheet,Displayed in the Company Highlight & Fact Sheet,,,,,,หมายถึง ประการหนี้สินอื่น ที่มีความไม่แน่นอนเกี่ยวกับจังหวะเวลา และ/หรือ จำนวนที่ต้องจ่ายชำระ นอกเหนือจากเลขอ้างอิงที่ 73 “ประมาณการหนี้สินผลประโยชน์พนักงาน”,
F5,202700,278,75,73,0,ประมาณการหนี้สินผลประโยชน์พนักงาน,Employee Benefit Obligations,209999,1,,N,23,BS_L,หนี้สิน,รวมถึง ประมาณการหนี้สินผลประโยชน์ของพนักงานหลังออกจากงานหรือผลประโยชน์เมื่อเลิกจ้าง และผลประโยชน์ระยะยาวอื่น,"Include post-employment benefits obligations, or obligations on termination benefits and other long-term benefits obligations",,,,,,หมายถึง ประมาณการหนี้สินผลประโยชน์ของพนักงานระยะสั้น ผลประโยชน์เมื่อเลิกจ้าง ผลประโยชน์พนักงานระยะยาวอื่น และผลประโยชน์หลังออกจากงาน ที่คาดว่ากองทุนจะต้องจ่ายชำระ ซึ่งมีความไม่แน่นอนเกี่ยวกับจังหวะเวลา และ/หรือ จำนวนที่ต้องจ่ายชำระ,
F5,203100,284,76,74,0,ส่วนแบ่งผลขาดทุนที่เกินกว่าเงินลงทุนในบริษัทย่อย บริษัทร่วม และการร่วมค้า,"Excess Loss Over Cost Of Investment In Subsidiaries, Associates And Joint Ventures",209999,1,,N,23,BS_L,หนี้สิน,,,,,,,,หมายถึง ภาระผูกพันที่เกิดจากเงินลงทุนหรือส่วนได้เสียในบริษัทย่อย บริษัทร่วม และการร่วมค้า หรือส่วนแบ่งผลขาดทุนในส่วนที่เกินกว่าจำนวนเงินลงทุนและส่วนได้เสียระยะยาวในบริษัทย่อย บริษัทร่วม และการร่วมค้า ตามวิธีส่วนได้เสีย หากกองทุนต้องร่วมรับส่วนแบ่งผลขาดทุนนั้น,
F5,203200,286,77,75,0,หนี้สินภาษีเงินได้รอตัดบัญชี,Deferred Tax Liabilities,209999,1,,N,23,BS_L,หนี้สิน,,,,,,,,หมายถึง จำนวนภาระผูกพันที่กองทุนต้องจ่ายชำระเกี่ยวกับภาษีเงินได้ในอนาคต ในส่วนที่เกิดจากผลแตกต่างชั่วคราวที่ต้องเสียภาษี,
F5,202900,282,78,76,0,หนี้สินที่เกี่ยวข้องโดยตรงกับสินทรัพย์ไม่หมุนเวียน และ/หรือ กลุ่มสินทรัพย์ที่ยกเลิกซึ่งถือไว้เพื่อขาย,Liabilities Directly Associated With Non-Current Assets And/Or The Disposal Group Held For Sale,209999,1,,N,23,BS_L,หนี้สิน,,,,,,,,หมายถึง หนี้สินที่เกี่ยวข้องโดยตรงกับสินทรัพย์ไม่หมุนเวียน และ/หรือ กลุ่มสินทรัพย์ที่ยกเลิกซึ่งถือไว้เพื่อขายที่แยกแสดงไว้เป็น “สินทรัพย์ไม่หมุนเวียน และ/หรือ กลุ่มสินทรัพย์ที่ยกเลิกซึ่งถือไว้เพื่อขาย” (เลขอ้างอิงที่ 41),
F5,202500,274,79,77,0,ค่าใช้จ่ายค้างจ่าย,Accrued Expenses,209999,1,,N,23,BS_L,หนี้สิน,แสดงผลใน Company Highlight & Fact Sheet,Displayed in the Company Highlight & Fact Sheet,,,,,,หมายถึง จำนวนเงินที่กองทุนค้างชำระค่าสินค้าหรือบริการที่ซื้อมา ซึ่งยังไม่ได้รับใบแจ้งหนี้จากผู้ขายหรือผู้ให้บริการ,ดอกเบี้ยค้างจ่าย
F5,203000,283,80,78,0,ภาษีเงินได้นิติบุคคลค้างจ่าย,Income Tax Payable,209999,1,,N,23,BS_L,หนี้สิน,,,,,,,,หมายถึง จำนวนภาษีเงินได้นิติบุคคลที่ต้องชำระ โดยคำนวณจากกำไร (ขาดทุน) ทางภาษีสำหรับงวดสุทธิจากเครดิตภาษี และ/หรือ ภาษีเงินได้นิติบุคคลถูกหัก ณ ที่จ่าย และ/หรือ ภาษีเงินได้นิติบุคคลจ่ายล่วงหน้า,
F5,204000,288,81,79,0,เจ้าหนี้ที่เกิดจากภาษีอื่นหรือรายการอื่นภายใต้กฎหมาย,Other Tax Or Other Payables Under Law And Regulations,209999,1,,R,23,BS_L,หนี้สิน,,,,,,,,"หมายถึง เจ้าหนี้ที่เกิดจากภาษีอื่นหรือรายการอื่นภายใต้กฎหมายซึ่งบังคับใช้กับกองทุน ที่กองทุนต้องจ่ายชำระในอนาคต ที่นอกเหนือจากเลขอ้างอิงที่ 78

เจ้าหนี้ที่เกิดจากภาษีอื่นหรือรายการอื่นภายใต้กฎหมาย ประกอบด้วยเลขอ้างอิงที่ 80 ถึง 81",
F5,204010,290,82,80,1,เจ้าหนี้ภาษีค้างจ่าย,Other Tax Payables,204000,1,,N,23,BS_L,หนี้สิน,รวมถึง รวมถึง จำนวนค้างจ่ายหรือรอนำส่งของภาษีธุรกิจเฉพาะ ภาษีมูลค่าเพิ่มรอนำส่ง ภาษีสรรพสามิต ค่าอากรจ่ายแก่กรมศุลกากร ภาษีเงินได้หัก ณ ที่จ่าย,"Include payables for special business tax, value added tax, excise tax , customs duty, withholding tax",,,,,,หมายถึง ค่าภาษีหรืออากรค้างจ่าย เช่น ภาษีมูลค่าเพิ่มรอนำส่ง ภาษีสรรพสามิต ค่าอากรจ่ายแก่กรมศุลกากร ภาษีเงินได้หัก ณ ที่จ่ายค้างจ่าย ที่กองทุนจะต้องจ่ายชำระในอนาคต,ค่าภาษีที่ดินและสิ่งปลูกสร้างค้างจ่าย หรือ ภาษีขายยังไม่ถึงกำหนดชำระ หรือ ภาษีเงินได้หักณที่จ่ายค้างชำระ หรือ ภาษีหักณที่จ่ายค้างจ่าย หรือ ค่าภาษีโรงเรือนค้างจ่าย หรือ ภาษีธุรกิจเฉพาะค้างจ่าย
F5,204090,300,83,81,1,เจ้าหนี้ที่เกิดจากภาษีอื่นหรือรายการอื่นภายใต้กฎหมาย - อื่น ๆ,Other Tax Or Other Payables Under Law And Regulations - Others,204000,1,,N,23,BS_L,หนี้สิน,,,,,,,,หมายถึง เจ้าหนี้ที่เกิดจากภาษีอื่นหรือรายการอื่นภายใต้กฎหมายซึ่งบังคับใช้กับกองทุน ที่กองทุนจะต้องจ่ายชำระในอนาคต นอกเหนือจากเลขอ้างอิงที่ 80,
F5,209900,302,84,82,0,หนี้สินอื่น,Other Liabilities,209999,1,,N,23,BS_L,หนี้สิน,แสดงผลใน Company Highlight & Fact Sheet,Displayed in the Company Highlight & Fact Sheet,,,,,,หมายถึง หนี้สินอื่นนอกจากเลขอ้างอิงที่ 47 ถึง 81,
F5,209999,299,85,83,0,รวมหนี้สิน,Total Liabilities,299999,-1,BU,NV,23,BS_L,หนี้สิน,,,,,Y,,,รวมหนี้สิน เป็นผลรวมของเลขอ้างอิงที่ 47 ถึง 82,
F5,299999,296,86,84,0,สินทรัพย์สุทธิ,Net Assets,No,,BU,R,23,BS_L,หนี้สิน,,,,,,,,สินทรัพย์สุทธิ เป็นรายการสุทธิของเลขอ้างอิงที่ 45 และ 83,
F5,300000,T7,87,85,0,สินทรัพย์สุทธิ:,Net Assets :,No,,B Fix,T,,BS_OE,สินทรัพย์สุทธิ,,,,,,,,สินทรัพย์สุทธิ ประกอบด้วยเลขอ้างอิงที่ 86 ถึง 94,
F5,310200,356,88,86,0,ทุนที่ได้รับจากผู้ถือหน่วยลงทุน,Issued And Paid-Up Share Capital,309998,1,,N,23,BS_OE,สินทรัพย์สุทธิ,แสดงผลใน Company Highlight & Fact Sheet,Displayed in the Company Highlight & Fact Sheet,,,,,,หมายถึง ทุนที่ได้รับตามมูลค่าที่ตราไว้ ส่วนเกินทุนหรือส่วนต่ำกว่าทุน และทุนประเภทอื่น เช่น ค่าปรับจากผู้ถือหน่วยลงทุนที่ผิดเงื่อนไขการซื้อหน่วยลงทุน ,ทุนที่ได้รับจากผู้ถือหน่วยลงทุนหน่วยลงทุนหน่วยมูลค่าหน่วยละบาท หรือ ทุนที่ได้รับจากผู้ถือหน่วยทรัสต์
F5,310500,364,89,87,0,หุ้นกู้ที่มีลักษณะคล้ายทุน,Perpetual Bonds,309998,1,,N,23,BS_OE,สินทรัพย์สุทธิ,รวมถึงตราสารหนี้ที่ออก ซึ่งเข้าเงื่อนไขของการจัดประเภทเป็นส่วนของทุน,For perpetual bond or debt instruments issued that are classified as equity,,,,,,หมายถึง ตราสารที่กองทุนออกให้แก่ผู้ถือตราสารโดยการกำหนดสิทธิของผู้ถือตราสารไว้ด้อยกว่าสิทธิของเจ้าหนี้สามัญทั่วไป ซึ่งลักษณะ ระยะเวลาการจ่ายชำระของผู้ออกตราสาร และเงื่อนไข รวมถึงข้อกำหนดสิทธิของผู้ถือตราสารจะเป็นไปตามที่ระบุไว้ในแบบแสดงรายการข้อมูลการเสนอขายตราสาร เช่น ประเภทของตราสาร การระบุระยะเวลาการไถ่ถอน และการระบุระยะเวลาการจ่ายชำระดอกเบี้ย เป็นต้น ซึ่งโดยทั่วไปจะไม่มีการกำหนดระยะเวลาการไถ่ถอนที่แน่นอน ทั้งนี้ เฉพาะในกรณีที่เข้าเงื่อนไขของการจัดประเภทเป็นส่วนของทุน,
F5,310600,365,90,88,0,กำไร (ขาดทุน) สะสม,Retained Earnings (Deficits),309998,1,,N,123,BS_OE,สินทรัพย์สุทธิ,แสดงผลใน Company Highlight & Fact Sheet,Displayed in the Company Highlight & Fact Sheet,,,,,,หมายถึง กำไรที่เกิดจากการดำเนินงานที่เกิดขึ้นและกำไร (ขาดทุน) ที่ยังไม่เกิดขึ้นที่วัดมูลค่าผ่านองค์ประกอบอื่นของส่วนของผู้ถือหน่วยลงทุน และการแบ่งปันส่วนทุนให้แก่ผู้ถือหน่วยลงทุนจากการประกาศจ่ายเงินปันผล,ขาดทุนสะสม หรือ กำไรสะสม หรือ กำไร(ขาดทุน)สะสม
F5,310900,373,91,89,0,บัญชีปรับสมดุล,Balance Adjustment Account,309998,1,,N,123,BS_OE,สินทรัพย์สุทธิ,,,,,,,,หมายถึง บัญชีปรับสมดุลถือเป็นส่วนหนึ่งของกำไรสะสม ซึ่งจะบันทึกเมื่อมีการขายหรือรับซื้อคืนหน่วยลงทุนของกองทุนเพื่อทำให้ผู้ถือหน่วยลงทุนมีส่วนในสินทรัพย์สุทธิของกิจการลงทุนหรือได้รับส่วนแบ่งจากกิจการลงทุนเท่าเทียมกันไม่ว่าผู้ถือหน่วยลงทุนนั้นจะลงทุนหรือเลิกลงทุนในกิจการลงทุน ณ เวลาใด,
F5,319900,374,92,90,0,องค์ประกอบอื่นของส่วนของผู้ถือหน่วยลงทุน,Other Components Of Equity,309998,1,,R,123,BS_OE,สินทรัพย์สุทธิ,,,,,,,,"หมายถึง ผลสะสมเมื่อสิ้นรอบระยะเวลารายงานของกำไรขาดทุนเบ็ดเสร็จอื่น และ/หรือรายการอื่นของการเปลี่ยนแปลงที่เกิดจากผู้ถือหน่วยลงทุน (Owner changes) นอกเหนือจากเลขอ้างอิงที่ 86 ถึง 89

องค์ประกอบอื่นของส่วนของผู้ถือหน่วยลงทุน ประกอบด้วยเลขอ้างอิงที่ 91 ถึง 92",
F5,319950,389,93,91,1,ผลต่างอัตราแลกเปลี่ยนจากการแปลงค่างบการเงิน,Currency Translation Adjustments,319900,1,,N,123,BS_OE,สินทรัพย์สุทธิ,รวมผลจากการป้องกันความเสี่ยงในเงินลงทุนสุทธิในหน่วยงานต่างประเทศ เฉพาะส่วนที่มีประสิทธิผลในหน่วยงานในต่างประเทศ,Include effective portion of net investment hedge of foreign operations,,,,,,หมายถึง ผลต่างของอัตราแลกเปลี่ยนจากการแปลงค่างบการเงินที่เป็นเงินตราต่างประเทศของหน่วยงานในต่างประเทศ ซึ่งรวมผลจากการป้องกันความเสี่ยงในเงินลงทุนสุทธิในหน่วยงานต่างประเทศ เฉพาะส่วนที่มีประสิทธิผลในหน่วยงานในต่างประเทศ หมายถึง บริษัทย่อย บริษัทร่วม การร่วมค้า หรือสาขาของกองทุนที่เสนอรายงาน ซึ่งมีกิจกรรมหรือการประกอบกิจกรรมในประเทศอื่น หรือในสกุลเงินอื่น นอกจากประเทศหรือสกุลเงินของกองทุนที่เสนอรายงาน,
F5,319990,390,94,92,1,องค์ประกอบอื่นของส่วนของผู้ถือหน่วยลงทุน - อื่นๆ,Other Components Of Equity - Others,319900,1,,N,123,BS_OE,สินทรัพย์สุทธิ,,,,,,,,หมายถึง ส่วนได้เสียอื่นในความเป็นเจ้าของในกองทุนของผู้ลงทุน และส่วนของทุนอื่น ๆ นอกเหนือจากเลขอ้างอิงที่ 91,
F5,320130,355,95,93,0,ส่วนได้เสียที่ไม่มีอำนาจควบคุม,Non-Controlling Interests,309998,1,,N,123,BS_OE,สินทรัพย์สุทธิ,,,,,,งบการเงินเฉพาะกิจการไม่ควรมีค่า,Should have no value in Separate financial statements.,หมายถึง ส่วนได้เสียในบริษัทย่อยที่ไม่ได้เป็นของบริษัทใหญ่ ทั้งทางตรงและทางอ้อม เช่น บริษัทย่อยในลำดับถัดไป,
F5,309998,398,96,94,0,รวมสินทรัพย์สุทธิ,Total Net Assets,No,1,BU,NV,123,BS_OE,สินทรัพย์สุทธิ,,,,,Y,,,รวมสินทรัพย์สุทธิ เป็นผลรวมของเลขอ้างอิงที่ 86 ถึง 93,สินทรัพย์สุทธิ
F5,330101,352,97,95,0,สินทรัพย์สุทธิต่อหน่วย (บาท/หน่วย),Net Assets Per Unit (Baht/Unit),No,,B,N,123,BS_OE,สินทรัพย์สุทธิ,,,,,,,,หมายถึง สินทรัพย์สุทธิต่อหน่วย (บาท/หน่วย) ที่กองทุนได้รับมา และต้องจ่ายชำระคืนตามเงื่อนไขของสัญญา,สินทรัพย์สุทธิต่อหน่วย(บาท) หรือ สินทรัพย์สุทธิต่อหน่วย
F5,330201,357,98,96,0,จำนวนหน่วยลงทุนที่จำหน่ายแล้วทั้งหมด ณ วันสิ้นงวด/ปี (พันหน่วย),Units In Issue As At Period/Year Ended (Thousand Units),No,,B,N,3,BS_OE,สินทรัพย์สุทธิ,,,,,,,,หมายถึง จำนวนหน่วยลงทุนที่จำหน่ายแล้วทั้งหมด ณ วันสิ้นงวด/ปี (พันหน่วย) ที่กองทุนได้รับมา,จำนวนหน่วยลงทุนที่จำหน่ายแล้วทั้งหมดณวันสิ้นงวด(หน่วย) หรือ จำนวนหน่วยทรัสต์ที่จำหน่ายแล้วทั้งหมดณวันสิ้นงวด/ปี(พันหน่วย) หรือ จำนวนหน่วยลงทุนที่จำหน่ายแล้วทั้งหมดณวันสิ้นปี(หน่วย) หรือ จำนวนหน่วยลงทุนที่จำหน่ายแล้วทั้งหมดณวันสิ้นงวด/ปี(พันหน่วย) หรือ จำนวนหน่วยทรัสต์ที่จำหน่ายแล้วทั้งหมดณวันสิ้นปี(หน่วย) หรือ จำนวนหน่วยลงทุนที่จำหน่ายแล้วทั้งหมดณวันสิ้นงวด(พันหน่วย) หรือ จำนวนหน่วยลงทุนที่จำหน่ายแล้วทั้งหมดณวันสิ้นงวด/ปี(หน่วย)
F5,400000,T8,99,97,0,งบกำไรขาดทุนเบ็ดเสร็จ,Statement Of Comprehensive Income,No,,B Fix,T,,PL,กำไร (ขาดทุน),,,,,,,,งบกำไรขาดทุนเบ็ดเสร็จ ประกอบด้วยเลขอ้างอิงที่ 98 ถึง 154,
F5,410000,T9,100,98,0,รายได้,Revenue,No,,B Fix,T,,PL,กำไร (ขาดทุน),,,,,,,,รายได้ ประกอบด้วยเลขอ้างอิงที่ 98 ถึง 107,
F5,410120,492,101,99,0,รายได้จากเงินลงทุน,Revenue From Investments,419999,1,,R,23,PL,กำไร (ขาดทุน),,,,,,,,"หมายถึง ผลตอบแทนที่เกิดจากการให้ผู้อื่นใช้สินทรัพย์ของกองทุน และก่อให้เกิดรายได้ กรณีที่ซึ่งเป็นธุรกิจหลักของกองทุน 

รายได้จากเงินลงทุน ประกอบด้วยเลขอ้างอิงที่ 100 ถึง 105",
F5,410108,411,102,100,1,รายได้ดอกเบี้ย,Interest Income,410120,1,,N,23,PL,กำไร (ขาดทุน),,,,,,,,หมายถึง รายได้ดอกเบี้ยรับที่เกิดจากการลงทุนในตราสารหนี้ หรือการให้ผู้อื่นใช้เงินสด รายการเทียบเท่าเงินสด หรือจำนวนค้างรับของกองทุน,ดอกเบี้ยรับ หรือ รายได้ดอกเบี้ยรับ
F5,410202,412,103,101,1,รายได้เงินปันผล,Dividend Income,410120,1,,N,23,PL,กำไร (ขาดทุน),,,,,,,,หมายถึง ส่วนแบ่งกำไรที่กองทุนได้รับตามสัดส่วนองเงินลงทุนที่ถือในฐานะผู้ถือเงินลงทุน,
F5,410122,493,104,102,1,รายได้จากเงินลงทุนในสัญญาโอนขายทรัพย์สินและสิทธิรายได้,Income From Investments In Asset And Revenue Purchase And Transfer Agreement,410120,1,,N,23,PL,กำไร (ขาดทุน),,,,,,,,หมายถึง รายได้จากเงินลงทุนในสัญญาโอนขายทรัพย์สินและสิทธิรายได้ที่กองทุนได้รับ  ,รายได้จากเงินลงทุนในสัญญาซื้อและโอนสิทธิรายได้สุทธิ
F5,410123,494,105,103,1,รายได้ค่าเช่าและบริการ,Rental And Service Income,410120,1,,N,23,PL,กำไร (ขาดทุน),,,,,,,,หมายถึง รายได้ที่เกิดจากการที่กองทุนเป็นผู้ให้เช่าสินทรัพย์แก่ผู้ให้เช่าและการให้บริการ,รายได้ค่าเช่า หรือ รายได้ค่าเช่าและค่าบริการ
F5,410124,495,106,104,1,รายได้จากการประกันผลกำไร และ/หรือ รายได้สุทธิ,Income From Guarantee Of Profit And/Or Net Income,410120,1,,N,23,PL,กำไร (ขาดทุน),,,,,,,,หมายถึง รายได้จากการประกันผลกำไร และ/หรือ รายได้สุทธิที่กองทุนได้รับมา,รายได้จากการรับประกันการมีผู้เช่า
F5,410125,496,107,105,1,รายได้จากเงินลงทุน - อื่นๆ,Revenue From Other Investments - Others,410120,1,,N,23,PL,กำไร (ขาดทุน),,,,,,,,หมายถึง รายได้จากการลงทุนประเภทอื่น ๆ นอกเหนือจากเลขอ้างอิงที่ 100 ถึง 104 ,
F5,410200,413,108,106,0,รายได้อื่น,Other Income,419999,1,,N,23,PL,กำไร (ขาดทุน),หากบริษัทไม่ใช่กิจการประเภท Holding ให้รวมถึง รายได้ดอกเบี้ยและเงินปันผล,"If the company is not a holding company, this item includes interest and dividend income.",,,,,,หมายถึง รายได้ประเภทอื่น ๆ นอกเหนือจากเลขอ้างอิงที่ 99 ถึง 105,รายได้จากการยึดเงินมัดจำค่าเช่าและบริการ หรือ รายได้ค่าสาธารณูปโภค
F5,419999,414,109,107,0,รวมรายได้,Total Revenue,409993,1,B,NV,23,PL,กำไร (ขาดทุน),,,,,,,,รวมรายได้ เป็นผลรวมของเลขอ้างอิงที่ 99 ถึง 106,
F5,420000,T10,110,108,0,ค่าใช้จ่าย,Expenses,No,,B Fix,T,,PL,กำไร (ขาดทุน),,,,,,,,ค่าใช้จ่าย ประกอบด้วยเลขอ้างอิงที่ 109 ถึง 128,
F5,421300,509,111,109,0,ค่าธรรมเนียมการจัดการ,Management Fee,429999,1,,N,23,PL,กำไร (ขาดทุน),,,,,,,,หมายถึง ค่าธรรมเนียมในการจัดการกองทุนในฐานะผู้จัดการกองทุน,ค่าธรรมเนียมการจัดการกองทรัสต์
F5,421400,510,112,110,0,ค่าธรรมเนียมผู้ดูแลผลประโยชน์ ค่าธรรมเนียมทรัสตี,Trustee Fee,429999,1,,N,23,PL,กำไร (ขาดทุน),,,,,,,,หมายถึง ค่าธรรมเนียมที่เกี่ยวข้องกับการดูแลผลประโยชน์ และทรัสตี ,ค่าธรรมเนียมผู้ดูแลผลประโยชน์ หรือ ค่าธรรมเนียมการดูแลผลประโยชน์ หรือ ค่าธรรมเนียมทรัสตี
F5,421500,511,113,111,0,ค่าธรรมเนียมวิชาชีพ,Professional Fees,429999,1,,R,23,PL,กำไร (ขาดทุน),,,,,,,,หมายถึง ค่าธรรมเนียมวิชาชีพประเภทต่าง ๆ ประกอบด้วยเลขอ้างอิงที่ 112 ถึง 113,
F5,421510,512,114,112,1,ค่าธรรมเนียมการสอบบัญชี,Audit Fee,421500,1,,N,23,PL,กำไร (ขาดทุน),,,,,,,,หมายถึง ค่าธรรมเนียมที่เกี่ยวข้องกับการสอบบัญชี,
F5,421520,513,115,113,1,ค่าธรรมเนียมวิชาชีพ - อื่นๆ,Professional Fees - Others,421500,1,,N,23,PL,กำไร (ขาดทุน),,,,,,,,หมายถึง ค่าธรรมเนียมวิชาชีพประเภทอื่น ๆ นอกจากเลขอ้างอิงที่ 112,ค่าธรรมเนียมวิชาชีพ
F5,421600,514,116,114,0,ค่าธรรมเนียมนายทะเบียน,Registrar Fee,429999,1,,N,23,PL,กำไร (ขาดทุน),,,,,,,,หมายถึง ค่าธรรมเนียมจ่ายเกี่ยวกับนายทะเบียนหน่วยลงทุน,ค่าธรรมเนียมนายทะเบียนหน่วยลงทุน
F5,421700,515,117,115,0,ค่าธรรมเนียมบริหารอสังหาริมทรัพย์,Property Management Fee,429999,1,,N,23,PL,กำไร (ขาดทุน),,,,,,,,หมายถึง ค่าธรรมเนียมที่กองทุนจ่ายเพื่อได้รับบริการการบริหารอสังหาริมทรัพย์,ค่าธรรมเนียมผู้บริหารอสังหาริมทรัพย์
F5,421800,516,118,116,0,ค่าใช้จ่ายรอการตัดบัญชีตัดจ่าย,Deferred Expense Amortisation,429999,1,,N,23,PL,กำไร (ขาดทุน),,,,,,,,หมายถึง ค่าใช้จ่ายในการออกส่วนได้เสีย หรือต้นทุนต่าง ๆ ในการออกหรือการได้มาซึ่งตราสารทุนของกองทุนเอง ที่ตัดจ่ายเป็นค่าใช้จ่ายในระหว่างรอบระยะเวลารายงาน,ค่าใช้จ่ายรอตัดบัญชีตัดจ่าย
F5,421900,517,119,117,0,ค่าบริหารส่วนกลาง,Common Area Management Fee,429999,1,,N,23,PL,กำไร (ขาดทุน),,,,,,,,หมายถึง ค่าธรรมเนียมที่จ่ายเพื่อได้รับบริการการบริหารส่วนกลาง ,
F5,422000,518,120,118,0,ค่าบำรุงสมาชิก,Membership Fee,429999,1,,N,23,PL,กำไร (ขาดทุน),,,,,,,,หมายถึง ค่าธรรมเนียมที่จ่ายเป็นค่าบำรุงสมาชิก ,
F5,422100,419,121,119,0,ค่าใช้จ่ายในการขายและบริหาร,Selling And Administrative Expenses,429999,1,,N,23,PL,กำไร (ขาดทุน),แสดงผลใน Company Highlight & Fact Sheet,Displayed in the Company Highlight & Fact Sheet,,,,,,ค่าใช้จ่ายในการขายและบริหาร ประกอบด้วยเลขอ้างอิงที่ 120 ถึง 121,
F5,422110,420,122,120,1,ค่าใช้จ่ายในการขาย,Selling Expenses,422100,1,,N,23,PL,กำไร (ขาดทุน),,,,,,,,หมายถึง ค่าใช้จ่ายที่เกิดขึ้นอันเนื่องมาจากการจัดจำหน่าย เช่น ค่าขนส่ง ค่าส่งเสริมการขาย ค่านายหน้า เงินเดือนและค่าตอบแทนพนักงานขาย เป็นต้น,ค่านายหน้า
F5,422120,421,123,121,1,ค่าใช้จ่ายในการบริหาร,Administrative Expenses,422100,1,,N,23,PL,กำไร (ขาดทุน),รวมถึง ค่าเช่าอาคารสำนักงาน ค่าน้ำค่าไฟสำนักงาน,Include office rental and office utility expenses,,,,,,หมายถึง ค่าใช้จ่ายทั่วไปที่เกิดขึ้นในการบริหารกองทุนอันเป็นส่วนรวม เช่น ค่าเช่าอาคารสำนักงาน ค่าน้ำค่าไฟสำนักงาน เป็นต้น,ค่าใช้จ่ายภาษีจากการลงทุน หรือ ค่าใช้จ่ายในการดำเนินงาน หรือ ค่าใช้จ่ายในการดำเนินโครงการ
F5,420700,504,124,122,0,ต้นทุนค่าเช่าและค่าบริการ,Costs Of Rental And Services,429999,1,,N,23,PL,กำไร (ขาดทุน),,,,,,,,หมายถึง ต้นทุนที่เกี่ยวข้องกับการให้เช่า และต้นทุนบริการที่ให้,ค่าใช้จ่ายในการประกันภัย หรือ ต้นทุนการให้เช่าและบริการ หรือ ต้นทุนการเช่าและบริการ
F5,430700,429,125,123,0,(กลับรายการ) ผลขาดทุนด้านเครดิตที่คาดว่าจะเกิดขึ้น,(Reversal Of) Expected Credit Losses,429999,1,,N,123,PL,กำไร (ขาดทุน),"- จำนวนเงินที่บริษัทรับรู้ผลขาดทุนด้านเครดิตที่คาดว่าจะเกิดขึ้น (หรือกลับรายการผลขาดทุน) ตาม TFRS9
- แสดงผลใน Company Highlight & Fact Sheet","- Amount that the company recognised as expected credit losses (or reversal) in accordance with TFRS9
- Displayed in the Company Highlight & Fact Sheet",,,,,,"หมายถึง จำนวนเงินที่กองทุนรับรู้ผลขาดทุนด้านเครดิตที่คาดว่าจะเกิดขึ้น (หรือกลับรายการผลขาดทุน) ตามมาตรฐานการรายงานทางการเงิน ฉบับที่ 9 เรื่อง เครื่องมือทางการเงิน 

ผลขาดทุนด้านเครดิต หมายถึง ผลต่างระหว่างกระแสเงินสดตามสัญญาทั้งหมดซึ่งกองทุนต้องได้รับ กับ กระแสเงินสดทั้งหมดซึ่งกองทุนคาดว่าจะได้รับ (ซึ่งก็คือ จำนวนเงินที่คาดว่าจะไม่ได้รับ) คิดลดด้วยอัตราดอกเบี้ยที่แท้จริงเมื่อเริ่มแรก หรืออัตราดอกเบี้ยที่แท้จริงปรับด้วยความเสี่ยงด้านเครดิตสำหรับสินทรัพย์ทางการเงินที่มีการด้อยค่าด้านเครดิตเมื่อซื้อหรือเมื่อกำเนิด โดยในการประมาณกระแสเงินสดนั้นกองทุนต้องพิจารณาเงื่อนไขตามสัญญาทั้งหมดของเครื่องมือทางการเงิน (เช่น การชำระเงินก่อนครบกำหนด การขยายระยะเวลา สิทธิเลือกที่จะซื้อ และสิทธิเลือกที่มีลักษณะคล้ายคลึงกัน) ตลอดอายุของเครื่องมือทางการเงินที่คาดไว้นั้น รวมถึงกระแสเงินสดที่ได้มาจากการขายหลักประกันที่ถือไว้หรือส่วนปรับปรุงด้านเครดิตอื่น ๆ ซึ่งถือเป็นส่วนหนึ่งของเงื่อนไขตามสัญญา

กลับรายการผลขาดทุนด้านเครดิตที่คาดว่าจะเกิดขึ้น หมายถึง มูลค่าที่ลดลงของผลขาดทุนด้านเครดิตที่คาดว่าจะเกิดขึ้นสำหรับสินทรัพย์ทางการเงินที่กองทุนเคยรับรู้ไว้ในงวดก่อน",ผลขาดทุนด้านเครดิตที่คาดว่าจะเกิดขึ้น(กลับรายการ) หรือ กลับรายการผลขาดทุนด้านเครดิตที่คาดว่าจะเกิดขึ้น หรือ ผลขาดทุนด้านเครดิตที่คาดว่าจะเกิดขึ้น
F5,430900,430,126,124,0,(กลับรายการ) ขาดทุนจากการด้อยค่า,(Reversal Of) Loss On Impairment,429999,1,,N,123,PL,กำไร (ขาดทุน),,,,,,,,"หมายถึง รายการผลแตกต่างระหว่างมูลค่าตามบัญชีของสินทรัพย์ (หรือหน่วยของสินทรัพย์ที่ก่อให้เกิดเงินสด) ที่สูงกว่ามูลค่าที่คาดว่าจะได้รับคืน 

กลับรายการขาดทุนจากการด้อยค่า หมายถึง มูลค่าที่ลดลงในผลขาดทุนจากการด้อยค่าของสินทรัพย์ (หรือหน่วยของสินทรัพย์ที่ก่อให้เกิดเงินสด) ที่กองทุนเคยรับรู้ไว้ในงวดก่อน 

ทั้งนี้ ไม่รวมเลขอ้างอิงที่ 123 “(กลับรายการ) ผลขาดทุนด้านเครดิตที่คาดว่าจะเกิดขึ้น”",
F5,429900,451,127,125,0,ต้นทุนทางการเงิน,Finance Costs,429999,1,,N,23,PL,กำไร (ขาดทุน),,,,,,,,หมายถึง ค่าใช้จ่ายหรือต้นทุนที่เกิดขึ้นจากการก่อหนี้สินของกองทุน เช่น ดอกเบี้ยเงินกู้ที่รับรู้ตามวิธีอัตราดอกเบี้ยที่แท้จริง ค่าธรรมเนียมธนาคารที่เกิดจากการกู้ยืมเงินตัดจำหน่าย ดอกเบี้ยที่เกิดจากสัญญาเช่า รายการกำไรขาดทุนในส่วนที่เป็นส่วนทดแทนหรือเป็นดอกเบี้ยเสมือน เป็นต้น,
F5,439800,452,128,126,0,ภาษีเงินได้,Income Tax Expense,429999,1,,N,123,PL,กำไร (ขาดทุน),,,,,,,,หมายถึง ภาษีเงินได้นิติบุคคล ตามที่อยู่ในขอบเขตของมาตรฐานการบัญชี ฉบับที่ 12 เรื่อง ภาษีเงินได้,
F5,429800,432,129,127,0,ค่าใช้จ่ายอื่น,Other Expenses,429999,1,,N,23,PL,กำไร (ขาดทุน),แสดงผลใน Company Highlight & Fact Sheet,Displayed in the Company Highlight & Fact Sheet,,,,,,หมายถึง ค่าใช้จ่ายอื่น ๆ นอกเหนือจากเลขอ้างอิงที่ 109 ถึง 126,ค่านายหน้า หรือ ค่าใช้จ่ายในการดำเนินงาน
F5,429999,433,130,128,0,รวมค่าใช้จ่าย,Total Expenses,409993,-1,B,NV,123,PL,กำไร (ขาดทุน),แสดงผลใน Company Highlight & Fact Sheet,Displayed in the Company Highlight & Fact Sheet,,,,,,รวมค่าใช้จ่าย เป็นผลรวมของเลขอ้างอิงที่ 109 ถึง 127,
F5,409993,480,131,129,0,รายได้จากการลงทุนสุทธิ,Net Investment Income,409996,1,B,NV,123,PL,กำไร (ขาดทุน),,,,,,,,รายได้จากการลงทุนสุทธิ เป็นรายการสุทธิของเลขอ้างอิงที่ 107 และ 128,กำไร(ขาดทุน)จากการลงทุนสุทธิ หรือ กำไรจากการลงทุนสุทธิ
F5,431100,434,132,130,0,ส่วนแบ่งกำไร (ขาดทุน) จากเงินลงทุนตามวิธีส่วนได้เสีย,Share Of Profit (Loss) From Investments Accounted For Using The Equity Method,409996,1,,N,123,PL,กำไร (ขาดทุน),,,,,,,,หมายถึง ส่วนแบ่งกำไร (ขาดทุน) จากเงินลงทุนในบริษัทย่อย บริษัทร่วม หรือการร่วมค้า ซึ่งบันทึกตามวิธีส่วนได้เสีย,
F5,431200,435,133,131,0,รายได้ (ค่าใช้จ่าย) อื่น จากบริษัทย่อย บริษัทร่วม และการร่วมค้า,"Other Income (Expense) From Subsidiaries, Associates And Joint Ventures",409996,1,,N,123,PL,กำไร (ขาดทุน),,,,,,,,หมายถึง รายได้ (ค่าใช้จ่าย) อื่น จากบริษัทย่อย บริษัทร่วม และการร่วมค้า ที่กองทุนต้องรับรู้ ที่นอกเหนือจากเลขอ้างอิงที่ 130 “ส่วนแบ่งกำไร (ขาดทุน) จากเงินลงทุนตามวิธีส่วนได้เสีย”,
F5,439700,436,134,132,0,กำไร (ขาดทุน) อื่น,Other Gains (Losses),409996,1,,R,123,PL,กำไร (ขาดทุน),,,,,,,,"หมายถึง กำไร (ขาดทุน) อื่น นอกเหนือจากเลขอ้างอิงที่ 130 ถึง 131

กำไร (ขาดทุน) อื่น ประกอบด้วยเลขอ้างอิงที่ 133 ถึง 138",
F5,439710,437,135,133,1,กำไร (ขาดทุน) จากอัตราแลกเปลี่ยน,Gains (Losses) On Foreign Currency Exchange,439700,1,,N,123,PL,กำไร (ขาดทุน),รวมถึง กำไร (ขาดทุน) จากการซื้อขายเงินตราต่างประเทศ และจากการแปลงค่าของสินทรัพย์ และหนี้สินที่เป็นเงินตราต่างประเทศเป็นสกุลเงินที่ใช้ในการดำเนินงาน,"Include gains (losses) from foreign exchange trading, from the translation of monetary assets and liabilities from foreign currencies into the functional currency",,,,,,หมายถึง กำไร (ขาดทุน) จากการซื้อขายเงินตราต่างประเทศ จากการรับชำระหรือจ่ายชำระรายการที่เป็นเงินตราต่างประเทศ และจากการแปลงค่าของสินทรัพย์และหนี้สินที่เป็นเงินตราต่างประเทศเป็นสกุลเงินที่ใช้ในการดำเนินงาน,
F5,439701,545,136,134,1,กำไร (ขาดทุน) สุทธิจากเงินลงทุน,Gains (Losses) From Investments,439700,1,,N,123,PL,กำไร (ขาดทุน),,,,,,,,"หมายถึง รายการดังต่อไปนี้
1. กำไร (ขาดทุน) จากการตัดรายการเงินลงทุนในบริษัทย่อย บริษัทร่วม และการร่วมค้า 
2. กำไร (ขาดทุน) สุทธิจากการตัดรายการ หรือการจำหน่ายเงินลงทุนประเภทอื่น ๆ ที่มิได้แสดงเป็นรายการแยกต่างหาก และไม่ได้รวมแสดงอยู่ในเลขอ้างอิงที่ 135",ขาดทุนสุทธิที่ยังไม่เกิดขึ้นจากเงินลงทุน หรือ รายการขาดทุนสุทธิที่เกิดขึ้นจากเงินลงทุน หรือ รายการกำไรสุทธิที่เกิดขึ้นจากเงินลงทุน หรือ รายการกำไรสุทธิจากการจำหน่ายเงินลงทุนในอสังหาริมทรัพย์
F5,439702,546,137,135,1,กำไร (ขาดทุน) จากการเปลี่ยนแปลงมูลค่ายุติธรรมของเงินลงทุน,Gains (Losses) On Fair Value Adjustments Of Investments,439700,1,,N,123,PL,กำไร (ขาดทุน),,,,,,,,"หมายถึง รายการดังต่อไปนี้
1. กำไร (ขาดทุน) จากการจำหน่าย และ การวัดมูลค่ายุติธรรมของสินทรัพย์ทางการเงินที่วัดมูลค่าด้วยมูลค่ายุติธรรมผ่านกำไรหรือขาดทุน 
2. การวัดมูลค่ายุติธรรมของหนี้สินทางการเงินเพื่อค้า
3. กำไร (ขาดทุน) สุทธิจากการเปลี่ยนแปลงมูลค่ายุติธรรมของหนี้สินทางการเงินที่กำหนดให้วัดมูลค่าด้วยมูลค่ายุติธรรมผ่านกำไรหรือขาดทุน ซึ่งรวมถึงการเปลี่ยนแปลงในมูลค่ายุติธรรมของหนี้สินทางการเงินที่เป็นผลมาจากการเปลี่ยนแปลงความเสี่ยงด้านเครดิตของหนี้สินนั้น หากการแสดงผลกระทบของการเปลี่ยนแปลงดังกล่าวในกำไรขาดทุนเบ็ดเสร็จอื่น ทำให้เกิดหรือขยายความไม่เหมาะสมทางการบัญชีในกำไรหรือขาดทุน (Accounting mismatch in profit or loss)
4. กำไร (ขาดทุน) จากการวัดมูลค่ายุติธรรมของอนุพันธ์เพื่อค้าและเพื่อป้องกันความเสี่ยงที่ไม่ได้เลือกวิธีการบัญชีป้องกันความเสี่ยง และอนุพันธ์แฝงที่แยกรับรู้จากสัญญาหลัก
5. กำไร (ขาดทุน) สุทธิจากการตัดรายการเครื่องมือทางการเงินที่กำหนดให้วัดมูลค่าด้วยมูลค่ายุติธรรมผ่านกำไรหรือขาดทุน",ที่แสดงด้วยมูลค่ายุติธรรมผ่านกำไรหรือขาดทุน หรือ การวัดมูลค่าเงินลงทุนในอสังหาริมทรัพย์ หรือ รายการกำไรสุทธิที่ยังไม่เกิดขึ้นจากการวัดมูลค่าเงินลงทุนในอสังหาริมทรัพย์ หรือ ของเงินลงทุนในอสังหาริมทรัพย์ หรือ รายการกำไร(ขาดทุน)จากการเปลี่ยนเปลงในมูลค่ายุติธรรมของเงินลงทุน หรือ รายการขาดทุนสุทธิจากการเปลี่ยนแปลงในมูลค่ายุติธรรมของเงินลงทุนในอสังหาริมทรัพย์ หรือ การวัดมูลค่าเงินลงทุนที่แสดงด้วยมูลค่ายุติธรรมผ่านกำไรหรือขาดทุน หรือ รายการกำไรสุทธิจากการเปลี่ยนแปลงในมูลค่ายุติธรรมของเงินลงทุน หรือ รายการขาดทุนจากการเปลี่ยนแปลงในมูลค่ายุติธรรมของเงินลงทุน หรือ กำไร(ขาดทุน)สุทธิที่ยังไม่เกิดขึ้นจากเงินลงทุน หรือ ขาดทุนสุทธิที่ยังไม่เกิดขึ้นจากเงินลงทุน หรือ รายการกำไร(ขาดทุน)สุทธิจากการเปลี่ยนแปลงในมูลค่ายุติธรรมของเงินลงทุนในอสังหาริมทรัพย์ หรือ รายการขาดทุนสุทธิจากการเปลี่ยนแปลงในมูลค่ายุติธรรมของเงินลงทุน หรือ ในมูลค่ายุติธรรมของเงินลงทุน หรือ รายการกำไร(ขาดทุน)สุทธิจากการเปลี่ยนแปลงในมูลค่ายุติธรรมของเงินลงทุน หรือ รายการกำไร(ขาดทุน)สุทธิที่ยังไม่เกิดขึ้นจากการวัดมูลค่าเงินลงทุนที่แสดงด้วยมูลค่ายุติธรรมผ่านกำไรหรือขาดทุน
F5,439770,446,138,136,1,กำไร (ขาดทุน) จากการบัญชีป้องกันความเสี่ยง,Gains (Losses) On Hedge Accounting,439700,1,,N,123,PL,กำไร (ขาดทุน),,,,,,,,"หมายถึง รายการดังต่อไปนี้ 
1. การป้องกันความเสี่ยงในมูลค่ายุติธรรม - กำไร (ขาดทุน) จากการวัดมูลค่ายุติธรรมของเครื่องมือที่ใช้ป้องกันความเสี่ยงและรายการที่มีการป้องกันความเสี่ยง ที่กองทุนไม่ได้แสดงสุทธิไว้ในรายการอื่น

2. การป้องกันความเสี่ยงในกระแสเงินสดและการป้องกันความเสี่ยงในเงินลงทุนสุทธิในหน่วยงานต่างประเทศ 
 2.1 กำไร (ขาดทุน) จากการวัดมูลค่ายุติธรรมของเครื่องมือที่ใช้ป้องกันความเสี่ยง เฉพาะส่วนของการป้องกันความเสี่ยงที่ไม่มีประสิทธิผล ที่กองทุนไม่ได้แสดงรวมไว้ในรายการอื่น
2.2 กำไร (ขาดทุน) สุทธิจากเครื่องมือที่ใช้ป้องกันความเสี่ยงและรายการที่มีการป้องกันความเสี่ยงเมื่อการป้องกันความเสี่ยงสิ้นสุด ที่กองทุนไม่ได้แสดงสุทธิไว้ในรายการอื่น

ทั้งนี้ รายการดังกล่าวให้แสดงยอดสุทธิของผลกำไรที่หักผลขาดทุนแล้ว",
F5,439780,448,139,137,1,ผลกำไร (ขาดทุน) จากยอดดุลสุทธิของรายการที่เป็นตัวเงิน,Gains (Losses) On Net Monetary Position,439700,1,,N,123,PL,กำไร (ขาดทุน),เป็นการปฏิบัติตามมาตรฐานการบัญชี ฉบับที่ 29 เรื่อง การรายงานทางการเงินในสภาพเศรษฐกิจที่เงินเฟ้อรุนแรง,In accordance with Thai Accounting Standard No. 29 : Financial Reporting in Hyperinflationary Economies,,,,,,หมายถึง ผลต่างที่เกิดจากการปรับปรุงใหม่ของรายการที่ไม่เป็นตัวเงิน รายการในส่วนของเจ้าของ รายการในงบกำไรขาดทุนเบ็ดเสร็จ และจากการปรับปรุงสินทรัพย์และหนี้สินที่ผูกกับดัชนีราคา ซึ่งผลกำไรหรือขาดทุนดังกล่าวนี้จะเกิดขึ้นในสภาพเศรษฐกิจที่เงินเฟ้อรุนแรงโดยกองทุนอาจประมาณได้จากการนำอัตราการเปลี่ยนแปลงในดัชนีราคาทั่วไปปรับกับจำนวนถัวเฉลี่ยถ่วงน้ำหนักของผลต่างระหว่างสินทรัพย์และหนี้สินที่เป็นตัวเงิน ทั้งนี้ เป็นการปฏิบัติตามมาตรฐานการบัญชี ฉบับที่ 29 เรื่อง การรายงานทางการเงินในสภาพเศรษฐกิจที่เงินเฟ้อรุนแรง ,
F5,439790,449,140,138,1,กำไร (ขาดทุน) อื่น - อื่น ๆ,Other Gains (Losses) - Others,439700,1,,N,123,PL,กำไร (ขาดทุน),,,,,,,,หมายถึง กำไร (ขาดทุน) ประเภทอื่น ๆ ที่นอกเหนือจากเลขอ้างอิงที่ 133 ถึง 137,
F5,409996,455,141,139,0,การเพิ่มขึ้น (ลดลง) ในสินทรัพย์สุทธิจากการดำเนินงาน,Increase (Decrease) In Net Assets From Operations,No,1,BU,NV,123,PL,กำไร (ขาดทุน),แสดงผลใน Company Highlight & Fact Sheet,Displayed in the Company Highlight & Fact Sheet,,Y,Y,,,การเพิ่มขึ้น (ลดลง) ในสินทรัพย์สุทธิจากการดำเนินงาน เป็นรายการสุทธิของเลขอ้างอิงที่ 129 ถึง 138,การ(ลดลง)เพิ่มขึ้นในสินทรัพย์สุทธิจากการดำเนินงาน หรือ การเพิ่มขึ้น(ลดลง)ในสินทรัพย์สุทธิจากการดำเนินงาน หรือ การเพิ่มขึ้นในสินทรัพย์สุทธิจากการดำเนินงาน หรือ การเปลี่ยนแปลงสินทรัพย์สุทธิจากการดำเนินงาน
F5,430000,T11,142,140,0,กำไรขาดทุนเบ็ดเสร็จอื่น,Other Comprehensive Income,No,,B Fix,T,,PL,กำไร (ขาดทุน) เบ็ดเสร็จอื่น,,,,,,,,"หมายถึง รายการรายได้และค่าใช้จ่ายที่มาตรฐานการรายงานทางการเงินกำหนดให้รับรู้ผ่านกำไรขาดทุนเบ็ดเสร็จอื่น  

กำไรขาดทุนเบ็ดเสร็จอื่น ประกอบด้วยเลขอ้างอิงที่ 142 ถึง 153",
F5,409991,456,143,141,0,การเพิ่มขึ้น (ลดลง) ในสินทรัพย์สุทธิจากการดำเนินงาน,Increase (Decrease) In Net Assets From Operations,409999,1,,N,123,PL,กำไร (ขาดทุน) เบ็ดเสร็จอื่น,กรณีที่บริษัทเลือกแสดงกำไรหรือขาดทุนและกำไรหรือขาดทุนเบ็ดเสร็จอื่นแยกเป็นสองงบ  ,Where the company presents the statement of profit or loss and other comprehensive income as two statements,,Y,,,,หมายถึง การเพิ่มขึ้น (ลดลง) ในสินทรัพย์สุทธิจากการดำเนินงาน สำหรับงวดที่เป็นรายการตั้งต้นสำหรับงบกำไรขาดทุนเบ็ดเสร็จอื่น ในกรณีที่กองทุนเลือกแสดงกำไรหรือขาดทุนและกำไรหรือขาดทุนเบ็ดเสร็จอื่นแยกเป็นสองงบ  ,การ(ลดลง)เพิ่มขึ้นในสินทรัพย์สุทธิจากการดำเนินงาน หรือ การเพิ่มขึ้น(ลดลง)ในสินทรัพย์สุทธิจากการดำเนินงาน หรือ การเพิ่มขึ้นในสินทรัพย์สุทธิจากการดำเนินงาน หรือ การเปลี่ยนแปลงสินทรัพย์สุทธิจากการดำเนินงาน
F5,440000,T12,144,142,0,รายการที่จัดประเภทรายการใหม่เข้าไปไว้ในกำไรหรือขาดทุนในภายหลัง,Items That Will Be Subsequently Reclassified To Profit Or Loss,No,,B Fix,T,,PL,รายการที่จัดประเภทรายการใหม่เข้าไปไว้ในกำไรหรือขาดทุนในภายหลัง,,,,,,,,"รายการกำไรขาดทุนเบ็ดเสร็จอื่นที่จะมีการจัดประเภทรายการใหม่เข้าไปไว้ในกำไรหรือขาดทุนในภายหลังเมื่อเป็นไปตามเงื่อนไขที่เฉพาะเจาะจง

รายการที่จัดประเภทรายการใหม่เข้าไปไว้ในกำไรหรือขาดทุนในภายหลัง ประกอบด้วยเลขอ้างอิงที่ 143 ถึง 146",
F5,440500,460,145,143,0,ผลต่างอัตราแลกเปลี่ยนจากการแปลงค่างบการเงิน,Currency Translation Adjustments,409998,1,,N,123,PL,รายการที่จัดประเภทรายการใหม่เข้าไปไว้ในกำไรหรือขาดทุนในภายหลัง,,,,,,,,หมายถึง ผลกำไรและขาดทุนจากการแปลงค่างบการเงินจากสกุลเงินที่ใช้ในการดำเนินงานของหน่วยงานในต่างประเทศ ให้เป็นสกุลเงินที่นำเสนอรายงาน,
F5,440900,464,146,144,0,ส่วนแบ่งกำไร (ขาดทุน) เบ็ดเสร็จอื่นในบริษัทย่อย บริษัทร่วม และการร่วมค้า (ภายใต้วิธีส่วนได้เสีย) สำหรับรายการที่จัดประเภทรายการใหม่เข้าไปไว้ในกำไรหรือขาดทุนในภายหลัง,"Share Of Other Comprehensive Income (Expense) From Subsidiaries, Associates And Joint Ventures Accounted For Using The Equity Method That Will Be Subsequently Reclassified To Profit Or Loss",409998,1,,N,123,PL,รายการที่จัดประเภทรายการใหม่เข้าไปไว้ในกำไรหรือขาดทุนในภายหลัง,,,,,,,,หมายถึง ส่วนแบ่งกำไร (ขาดทุน) เบ็ดเสร็จอื่นในส่วนที่สามารถจัดประเภทใหม่ไว้ในกำไรหรือขาดทุนในภายหลัง ซึ่งรับรู้ตามวิธีส่วนได้เสีย สำหรับเงินลงทุนในบริษัทย่อย บริษัทร่วม และการร่วมค้า,
F5,449800,465,147,145,0,องค์ประกอบอื่นของกำไรขาดทุนเบ็ดเสร็จอื่นที่จะจัดประเภทรายการใหม่เข้าไปไว้ในกำไรหรือขาดทุนในภายหลัง,Other Comprehensive Income That Will Be Subsequently Reclassified To Profit Or Loss,409998,1,,N,123,PL,รายการที่จัดประเภทรายการใหม่เข้าไปไว้ในกำไรหรือขาดทุนในภายหลัง,,,,,,,,หมายถึง กำไรขาดทุนเบ็ดเสร็จอื่น สำหรับรายการอื่น ๆ ที่อาจถูกจัดประเภทใหม่ไว้ในกำไรหรือขาดทุนในภายหลัง นอกเหนือจากเลขอ้างอิงที่ 143 ถึง 144,
F5,449900,466,148,146,0,ภาษีเงินได้ของรายการที่จะจัดประเภทรายการใหม่เข้าไปไว้ในกำไรหรือขาดทุนในภายหลัง,Income Taxes Relating To Items That Will Be Subsequently Reclassified To Profit Or Loss,409998,1,,N,123,PL,รายการที่จัดประเภทรายการใหม่เข้าไปไว้ในกำไรหรือขาดทุนในภายหลัง,,,,,,,,หมายถึง จำนวนภาษีเงินได้เกี่ยวกับแต่ละองค์ประกอบของกำไรขาดทุนเบ็ดเสร็จอื่นที่อาจถูกจัดประเภทใหม่ไว้ในกำไรหรือขาดทุนในภายหลังข้างต้น ในกรณีที่กองทุนเลือกแสดงองค์ประกอบของกำไรขาดทุนเบ็ดเสร็จอื่นด้วยยอดก่อนหักผลกระทบทางภาษีที่เกี่ยวข้อง และแสดงรายการภาษีที่เกี่ยวข้องเป็นรายการแยกต่างหาก,
F5,450000,T13,149,147,0,รายการที่ไม่จัดประเภทรายการใหม่เข้าไปไว้ในกำไรหรือขาดทุนในภายหลัง,Items That Will Not Be Subsequently Reclassified To Profit Or Loss,No,,B Fix,T,,PL,รายการที่ไม่จัดประเภทรายการใหม่เข้าไปไว้ในกำไรหรือขาดทุนในภายหลัง,,,,,,,,"รายการที่จะไม่จัดประเภทรายการใหม่เข้าไปไว้ในกำไรหรือขาดทุนในภายหลัง 

รายการที่ไม่จัดประเภทรายการใหม่เข้าไปไว้ในกำไรหรือขาดทุนในภายหลัง ประกอบด้วยเลขอ้างอิงที่ 148 ถึง 152",
F5,450100,467,150,148,0,กำไร (ขาดทุน) จากการเปลี่ยนแปลงในส่วนเกินทุนจากการตีราคาสินทรัพย์,Gains (Losses) From Changes In Revaluation Surplus,409998,1,,N,123,PL,รายการที่ไม่จัดประเภทรายการใหม่เข้าไปไว้ในกำไรหรือขาดทุนในภายหลัง,รวมถึง การเปลี่ยนแปลงในส่วนเกินทุนจากการตีราคาที่ดินอาคารและอุปกรณ์ และสินทรัพย์ไม่มีตัวตน,"Include changes in surplus from the revaluation of property, plant and equipment and intangible assets",,,,,,หมายถึง การเปลี่ยนแปลงในส่วนเกินทุนจากการตีราคาที่ดิน อาคารและอุปกรณ์ และสินทรัพย์ไม่มีตัวตน,
F5,450500,470,151,149,0,ส่วนแบ่งกำไร (ขาดทุน) เบ็ดเสร็จอื่นในบริษัทย่อย บริษัทร่วม และการร่วมค้า (ภายใต้วิธีส่วนได้เสีย) สำหรับรายการที่ไม่จัดประเภทรายการใหม่เข้าไปไว้ในกำไรหรือขาดทุนในภายหลัง,"Share Of Other Comprehensive Income (Expense) From Subsidiaries, Associates And Joint Ventures Accounted For Using The Equity Method That Will Not Be Subsequently Reclassified To Profit Or Loss",409998,1,,N,123,PL,รายการที่ไม่จัดประเภทรายการใหม่เข้าไปไว้ในกำไรหรือขาดทุนในภายหลัง,,,,,,,,หมายถึง ส่วนแบ่งกำไร (ขาดทุน) เบ็ดเสร็จอื่นในส่วนที่ไม่สามารถจัดประเภทใหม่ไว้ในกำไรหรือขาดทุนได้ในภายหลัง ซึ่งรับรู้ตามวิธีส่วนได้เสีย สำหรับเงินลงทุนในบริษัทย่อย บริษัทร่วม และการร่วมค้า,
F5,450600,471,152,150,0,กำไร (ขาดทุน) จากการประมาณการตามหลักคณิตศาสตร์ประกันภัยสำหรับโครงการผลประโยชน์พนักงาน,Remeasurement Of Employee Benefit Obligations,409998,1,,N,123,PL,รายการที่ไม่จัดประเภทรายการใหม่เข้าไปไว้ในกำไรหรือขาดทุนในภายหลัง,รวมถึง การเปลี่ยนแปลงใด ๆ ที่เกิดจากผลกระทบของเพดานของสินทรัพย์โครงการที่เกี่ยวข้อง,Include any effects of the related plan asset ceiling,,,,,,หมายถึง ผลกำไร (ขาดทุน) จากการประมาณการตามหลักคณิตศาสตร์ประกันภัย และการเปลี่ยนแปลงใด ๆ ที่เกิดจากผลกระทบของเพดานของสินทรัพย์โครงการที่เกี่ยวข้อง (ตามเงื่อนไขการรับรู้ตามมาตรฐานการบัญชี ฉบับที่ 19 เรื่อง ผลประโยชน์พนักงาน),
F5,459800,472,153,151,0,องค์ประกอบอื่นของกำไรขาดทุนเบ็ดเสร็จอื่นที่จะไม่จัดประเภทรายการใหม่เข้าไปไว้ในกำไรหรือขาดทุนในภายหลัง,Other Comprehensive Income That Will Not Be Subsequently Reclassified To Profit Or Loss,409998,1,,N,123,PL,รายการที่ไม่จัดประเภทรายการใหม่เข้าไปไว้ในกำไรหรือขาดทุนในภายหลัง,,,,,,,,หมายถึง กำไรขาดทุนเบ็ดเสร็จอื่น สำหรับรายการอื่น ๆ ที่จะไม่ถูกจัดประเภทใหม่ไว้ในกำไรหรือขาดทุนในภายหลัง นอกเหนือจากเลขอ้างอิงที่ 148 ถึง 150,
F5,459900,473,154,152,0,ภาษีเงินได้ของรายการที่จะไม่จัดประเภทรายการใหม่เข้าไปไว้ในกำไรหรือขาดทุนในภายหลัง,Income Taxes Relating To Items That Will Not Be Subsequently Reclassified To Profit Or Loss,409998,1,,N,123,PL,รายการที่ไม่จัดประเภทรายการใหม่เข้าไปไว้ในกำไรหรือขาดทุนในภายหลัง,,,,,,,,หมายถึง จำนวนภาษีเงินได้เกี่ยวกับแต่ละองค์ประกอบของกำไรขาดทุนเบ็ดเสร็จอื่นที่จะไม่ถูกจัดประเภทใหม่ไว้ในกำไรหรือขาดทุนในภายหลังข้างต้น ในกรณีที่กองทุนเลือกแสดงองค์ประกอบของกำไรขาดทุนเบ็ดเสร็จอื่นด้วยยอดก่อนหักผลกระทบทางภาษีที่เกี่ยวข้อง และแสดงรายการภาษีที่เกี่ยวข้องเป็นรายการแยกต่างหาก,
F5,409998,474,155,153,0,กำไร (ขาดทุน) เบ็ดเสร็จอื่น - สุทธิจากภาษี,Other Comprehensive Income (Expense) - Net Of Tax,409999,1,B,NV,123,PL,กำไร (ขาดทุน) เบ็ดเสร็จอื่น,,,,,,,,"หมายถึง ผลรวมของกำไร (ขาดทุน) เบ็ดเสร็จอื่น ประกอบด้วยผลรวมรายการกำไรขาดทุนเบ็ดเสร็จอื่นที่อาจถูกจัดประเภทใหม่ไว้ในกำไรหรือขาดทุนในภายหลัง และผลรวมรายการกำไรขาดทุนเบ็ดเสร็จอื่นที่จะไม่ถูกจัดประเภทใหม่ไว้ในกำไรหรือขาดทุนในภายหลัง

กำไร (ขาดทุน) เบ็ดเสร็จอื่น - สุทธิจากภาษี เป็นรายการสุทธิของเลขอ้างอิงที่ 142 ถึง 152",
F5,409999,475,156,154,0,กำไร (ขาดทุน) เบ็ดเสร็จรวม สำหรับงวด,Total Comprehensive Income (Expense) For The Period,No,,BU,NV,123,PL,กำไร (ขาดทุน) เบ็ดเสร็จ,,,,Y,,,,"กรณีที่กองทุนเลือกแสดงงบกำไรขาดทุนและกำไรขาดทุนเบ็ดเสร็จอื่นแยกเป็นสองงบ รายการกำไร (ขาดทุน) เบ็ดเสร็จรวม สำหรับงวด เป็นรายการสุทธิของเลขอ้างอิงที่ 141 และ 153 

กรณีที่กองทุนเลือกแสดงงบกำไรขาดทุนและกำไรขาดทุนเบ็ดเสร็จอื่นในงบเดียว รายการกำไร (ขาดทุน) เบ็ดเสร็จรวม สำหรับงวด เป็นรายการสุทธิของเลขอ้างอิงที่ 139  และ 153 ",การ(ลดลง)เพิ่มขึ้นในสินทรัพย์สุทธิจากการดำเนินงาน หรือ การเพิ่มขึ้น(ลดลง)ในสินทรัพย์สุทธิจากการดำเนินงาน หรือ การเพิ่มขึ้นในสินทรัพย์สุทธิจากการดำเนินงาน หรือ การเปลี่ยนแปลงสินทรัพย์สุทธิจากการดำเนินงาน
F5,560000,T16,157,155,0,เงินสดสุทธิจากกิจกรรมดำเนินงาน,Net Cash From Operating Activities,No,,B Fix,T,,CF,กระแสเงินสดจากการดำเนินงาน,,,,,,,,,
F5,560090,600,158,156,0,การเพิ่มขึ้น (ลดลง) ในสินทรัพย์สุทธิจากการดำเนินงาน,Increase (Decrease) In Net Assets From Operations,569998,1,,N,123,CF,กระแสเงินสดจากการดำเนินงาน,,,,,,,,,การเพิ่มขึ้นในสินทรัพย์สุทธิจากการดำเนินงานในระหว่างรอบระยะเวลา หรือ การเพิ่มขึ้น(ลดลง)ในสินทรัพย์สุทธิจากการดำเนินงานในระหว่างงวด หรือ การเปลี่ยนแปลงสินทรัพย์สุทธิจากการดำเนินงาน หรือ การ(ลดลง)เพิ่มขึ้นในสินทรัพย์สุทธิจากการดำเนินงาน หรือ การเพิ่มขึ้นในสินทรัพย์สุทธิจากการดำเนินงานในระหว่างงวด หรือ การ(ลดลง)เพิ่มขึ้นในสินทรัพย์สุทธิจากการดำเนินงานในระหว่างงวด หรือ การเพิ่มขึ้นในสินทรัพย์สุทธิจากการดำเนินงาน หรือ การเพิ่มขึ้น(ลดลง)ในสินทรัพย์สุทธิจากการดำเนินงาน
F5,560091,623,159,157,0,ปรับกระทบรายการเพิ่มขึ้น (ลดลง) ในสินทรัพย์สุทธิจากการดำเนินงานให้เป็นเงินสดสุทธิได้มา (ใช้ไป) จากการดำเนินงาน,Adjustments For Increase (Decrease) To Reconcile Net Assets From Operations To Net Cash Provided By (Used In) Operating Activities,569998,1,,N,123,CF,ปรับกระทบรายการเพิ่มขึ้น (ลดลง) ในสินทรัพย์สุทธิจากการดำเนินงานให้เป็นเงินสดสุทธิได้มา (ใช้ไป) จากการดำเนินงาน,,,,,,,,,
F5,561499,639,160,158,0,(กำไร) ขาดทุนสุทธิจากเงินลงทุน,(Gains) Losses On Investments,569998,1,,N,123,CF,ปรับกระทบรายการเพิ่มขึ้น (ลดลง) ในสินทรัพย์สุทธิจากการดำเนินงานให้เป็นเงินสดสุทธิได้มา (ใช้ไป) จากการดำเนินงาน,,,,,,,,,รายการกำไรสุทธิจากการขายเงินลงทุนในอสังหาริมทรัพย์ หรือ รายการกำไรสุทธิที่เกิดขึ้นจากเงินลงทุน หรือ รายการขาดทุนสุทธิที่เกิดขึ้นจากเงินลงทุน
F5,561400,638,161,159,0,(กำไร) ขาดทุนจากการเปลี่ยนแปลงมูลค่ายุติธรรมของเงินลงทุน,(Gains) Losses On Fair Value Adjustments Of Investments,569998,1,,N,123,CF,ปรับกระทบรายการเพิ่มขึ้น (ลดลง) ในสินทรัพย์สุทธิจากการดำเนินงานให้เป็นเงินสดสุทธิได้มา (ใช้ไป) จากการดำเนินงาน,,,,,,,,,ของเงินลงทุนในอสังหาริมทรัพย์ หรือ (กำไร)ขาดทุนสุทธิที่ยังไม่เกิดขึ้นจากการเปลี่ยนเปลงในมูลค่ายุติธรรมของเงินลงทุน หรือ ขาดทุน(กำไร)สุทธิที่ยังไม่เกิดขึ้นจากการเปลี่ยนเปลงในมูลค่ายุติธรรมของเงินลงทุน หรือ รายการกำไรสุทธิจากการเปลี่ยนแปลงในมูลค่ายุติธรรมของเงินลงทุน หรือ (กำไร)ขาดทุนสุทธิที่ยังไม่เกิดขึ้นจากเงินลงทุน หรือ ขาดทุนสุทธิที่ยังไม่เกิดขึ้นจากการเปลี่ยนแปลงในมูลค่ายุติธรรมของเงินลงทุน หรือ รายการขาดทุนจากการเปลี่ยนแปลงในมูลค่ายุติธรรมของเงินลงทุน หรือ ขาดทุนสุทธิที่ยังไม่เกิดขึ้นจากเงินลงทุน หรือ รายการกำไร(ขาดทุน)สุทธิจากการเปลี่ยนแปลงในมูลค่ายุติธรรมของเงินลงทุนในอสังหาริมทรัพย์ หรือ รายการขาดทุนสุทธิจากการเปลี่ยนแปลงในมูลค่ายุติธรรมของเงินลงทุน หรือ ในมูลค่ายุติธรรมของเงินลงทุน หรือ กำไรสุทธิที่ยังไม่เกิดขึ้นจากเงินลงทุน หรือ ขาดทุน(กำไร)สุทธิที่ยังไม่เกิดขึ้นจากเงินลงทุน หรือ รายการ(กำไร)ขาดทุนสุทธิจากการเปลี่ยนแปลงในมูลค่ายุติธรรมของเงินลงทุน
F5,561100,635,162,160,0,(กำไร) ขาดทุนจากการเปลี่ยนแปลงมูลค่ายุติธรรมของเครื่องมือทางการเงินอื่น,(Gains) Losses On Fair Value Adjustments Of Other Financial Instruments,569998,1,,N,123,CF,ปรับกระทบรายการเพิ่มขึ้น (ลดลง) ในสินทรัพย์สุทธิจากการดำเนินงานให้เป็นเงินสดสุทธิได้มา (ใช้ไป) จากการดำเนินงาน,,,,,,,,,
F5,561300,637,163,161,0,(กำไร) ขาดทุนจากการเปลี่ยนแปลงมูลค่ายุติธรรมของสินทรัพย์ที่ไม่ใช่สินทรัพย์ทางการเงิน,(Gains) Losses On Fair Value Adjustments Of Non-Financial Assets,569998,1,,N,123,CF,ปรับกระทบรายการเพิ่มขึ้น (ลดลง) ในสินทรัพย์สุทธิจากการดำเนินงานให้เป็นเงินสดสุทธิได้มา (ใช้ไป) จากการดำเนินงาน,รวมถึง กำไร (ขาดทุน) จากการเปลี่ยนแปลงมูลค่ายุติธรรมของอสังหาริมทรัพย์เพื่อการลงทุน หากบริษัทเลือกใช้วิธีวัดมูลค่าด้วยวิธีมูลค่ายุติธรรม,"Include gains (losses) from changes in the fair value of investment properties, if the company chooses to measure under the fair value method",,,,,,,รายการขาดทุนสุทธิจากการเปลี่ยนแปลงในมูลค่ายุติธรรมของเงินลงทุนในอสังหาริมทรัพย์ หรือ ของเงินลงทุนในอสังหาริมทรัพย์ หรือ ขาดทุนจากการจำหน่ายอสังหาริมทรัพย์เพื่อการลงทุน
F5,560400,628,164,162,0,(โอนกลับ) ผลขาดทุนด้านเครดิตที่คาดว่าจะเกิดขึ้น,(Reversal Of) Expected Credit Losses,569998,1,,N,123,CF,ปรับกระทบรายการเพิ่มขึ้น (ลดลง) ในสินทรัพย์สุทธิจากการดำเนินงานให้เป็นเงินสดสุทธิได้มา (ใช้ไป) จากการดำเนินงาน,,,,,,,,,กลับรายการผลขาดทุนด้านเครดิตที่คาดว่าจะเกิดขึ้น หรือ (กลับรายการ)ผลขาดทุนด้านเครดิตที่คาดว่าจะเกิดขึ้น หรือ ผลขาดทุนด้านเครดิตที่คาดว่าจะเกิดขึ้น
F5,564910,658,165,163,0,ค่าใช้จ่ายผลประโยชน์พนักงาน,Employee Benefit Expenses,569998,1,,N,123,CF,ปรับกระทบรายการเพิ่มขึ้น (ลดลง) ในสินทรัพย์สุทธิจากการดำเนินงานให้เป็นเงินสดสุทธิได้มา (ใช้ไป) จากการดำเนินงาน,,,,,,,,,
F5,564920,659,166,164,0,(กลับรายการ) ประมาณการหนี้สิน,(Reversal Of) Provisions,569998,1,,N,123,CF,ปรับกระทบรายการเพิ่มขึ้น (ลดลง) ในสินทรัพย์สุทธิจากการดำเนินงานให้เป็นเงินสดสุทธิได้มา (ใช้ไป) จากการดำเนินงาน,,,,,,,,,
F5,560440,915,167,165,0,การซื้อเงินลงทุน,Purchase Of Investments,569998,1,,N,12,CF,ปรับกระทบรายการเพิ่มขึ้น (ลดลง) ในสินทรัพย์สุทธิจากการดำเนินงานให้เป็นเงินสดสุทธิได้มา (ใช้ไป) จากการดำเนินงาน,,,560330,,,,,,
F5,560060,622,168,166,1,เงินลงทุนในอสังหาริมทรัพย์,Investments In Properties,560440,1,,N,12,CF,ปรับกระทบรายการเพิ่มขึ้น (ลดลง) ในสินทรัพย์สุทธิจากการดำเนินงานให้เป็นเงินสดสุทธิได้มา (ใช้ไป) จากการดำเนินงาน,,,560050,,,,,,รายการกำไรสุทธิจากการขายเงินลงทุนในอสังหาริมทรัพย์ หรือ ซื้อเงินลงทุนในอสังหาริมทรัพย์และปรับปรุงอสังหาริมทรัพย์ หรือ ซื้อเงินลงทุนในอสังหาริมทรัพย์
F5,560041,618,169,167,1,เงินลงทุนในหลักทรัพย์,Investment In Securities,560440,1,,N,12,CF,ปรับกระทบรายการเพิ่มขึ้น (ลดลง) ในสินทรัพย์สุทธิจากการดำเนินงานให้เป็นเงินสดสุทธิได้มา (ใช้ไป) จากการดำเนินงาน,,,560031,,,,,,การซื้อเงินลงทุนในสัญญาซื้อและโอนสิทธิรายได้สุทธิ หรือ การซื้อเงินลงทุนในหลักทรัพย์
F5,560330,624,171,168,0,การจำหน่ายเงินลงทุน,Disposal Of Investments,569998,1,,N,23,CF,ปรับกระทบรายการเพิ่มขึ้น (ลดลง) ในสินทรัพย์สุทธิจากการดำเนินงานให้เป็นเงินสดสุทธิได้มา (ใช้ไป) จากการดำเนินงาน,,,560440,,,,,,การขายเงินลงทุน
F5,560050,621,172,169,1,เงินลงทุนในอสังหาริมทรัพย์,Investments In Properties,560330,1,,N,23,CF,ปรับกระทบรายการเพิ่มขึ้น (ลดลง) ในสินทรัพย์สุทธิจากการดำเนินงานให้เป็นเงินสดสุทธิได้มา (ใช้ไป) จากการดำเนินงาน,,,560060,,,,,,เงินสดรับจากการขายเงินลงทุนในอสังหาริมทรัพย์-สุทธิ หรือ ขาดทุนจากการจำหน่ายอสังหาริมทรัพย์เพื่อการลงทุน
F5,560031,614,173,170,1,เงินลงทุนในหลักทรัพย์,Investment In Securities,560330,1,,N,23,CF,ปรับกระทบรายการเพิ่มขึ้น (ลดลง) ในสินทรัพย์สุทธิจากการดำเนินงานให้เป็นเงินสดสุทธิได้มา (ใช้ไป) จากการดำเนินงาน,,,560041,,,,,,การขายเงินลงทุนในหลักทรัพย์ หรือ เงินสดรับจากการขายเงินลงทุนในหลักทรัพย์
F5,565800,667,175,171,0,ลูกหนี้การค้าและลูกหนี้อื่น (เพิ่มขึ้น) ลดลง,(Increase) Decrease In Trade And Other Receivables,569998,1,,N,123,CF,ปรับกระทบรายการเพิ่มขึ้น (ลดลง) ในสินทรัพย์สุทธิจากการดำเนินงานให้เป็นเงินสดสุทธิได้มา (ใช้ไป) จากการดำเนินงาน,,,,,,,,,ลูกหนี้ค่าเช่าลดลง หรือ ลูกหนี้จากดอกเบี้ยค้างรับ(เพิ่มขึ้น)ลดลง หรือ การลดลง(เพิ่มขึ้น)ในลูกหนี้ค่าเช่าและค่าบริการ หรือ ลูกหนี้จากดอกเบี้ยค้างรับเพิ่มขึ้น หรือ ดอกเบี้ยค้างรับลดลง หรือ การลดลงในลูกหนี้จากการให้เช่าและบริการ หรือ การลดลง(เพิ่มขึ้น)ในลูกหนี้จากการให้เช่าและบริการ หรือ ลูกหนี้จากการให้เช่าและค่าปรับค้างรับเพิ่มขึ้น หรือ ลูกหนี้ค้างรับเพิ่มขึ้น หรือ ลูกหนี้ค่าเช่าและบริการลดลง หรือ ลูกหนี้อื่นเพิ่มขึ้น หรือ ลูกหนี้จากสัญญาซื้อและโอนสิทธิรายได้สุทธิเพิ่มขึ้น หรือ ลูกหนี้จากดอกเบี้ยค้างรับลดลง(เพิ่มขึ้น) หรือ ลูกหนี้จากการให้เช่าและค่าปรับค้างรับลดลง หรือ ลูกหนี้อื่นลดลง(เพิ่มขึ้น) หรือ ลูกหนี้ค่าเช่าลดลง(เพิ่มขึ้น) หรือ ลูกหนี้ค่าเช่า(เพิ่มขึ้น)ลดลง หรือ ลูกหนี้อื่นลดลง หรือ ลูกหนี้สัญญาซื้อและโอนสิทธิรายได้สุทธิเพิ่มขึ้น หรือ ลูกหนี้จากดอกเบี้ยค้างรับลดลง หรือ ลูกหนี้จากสัญญาซื้อและโอนสิทธิรายได้สุทธิ(เพิ่มขึ้น)ลดลง หรือ ลูกหนี้อื่น(เพิ่มขึ้น)ลดลง หรือ การเพิ่มขึ้นในลูกหนี้จากการให้เช่าและบริการ หรือ ลูกหนี้ค่าเช่าและบริการลดลง(เพิ่มขึ้น)
F5,566910,679,176,172,0,ลูกหนี้ที่เกิดจากภาษีอื่นหรือรายการอื่นภายใต้กฎหมาย (เพิ่มขึ้น) ลดลง,(Increase) Decrease In Other Tax Or Other Receivables Under Law And Regulations,569998,1,,N,123,CF,ปรับกระทบรายการเพิ่มขึ้น (ลดลง) ในสินทรัพย์สุทธิจากการดำเนินงานให้เป็นเงินสดสุทธิได้มา (ใช้ไป) จากการดำเนินงาน,,,,,,,,,
F5,566600,676,177,173,0,สินทรัพย์อื่น (เพิ่มขึ้น) ลดลง,(Increase) Decrease In Other Assets,569998,1,,N,123,CF,ปรับกระทบรายการเพิ่มขึ้น (ลดลง) ในสินทรัพย์สุทธิจากการดำเนินงานให้เป็นเงินสดสุทธิได้มา (ใช้ไป) จากการดำเนินงาน,,,,,,,,,การลดลงในค่าใช้จ่ายรอการตัดบัญชี หรือ การ(เพิ่มขึ้น)ลดลงในสินทรัพย์อื่น หรือ สินทรัพย์อื่นลดลง หรือ การ(เพิ่มขึ้น)ลดลงในค่าใช้จ่ายรอการตัดบัญชี หรือ ค่าใช้จ่ายรอการตัดบัญชีลดลง หรือ การ(เพิ่มขึ้น)ลดลงในค่าใช้จ่ายจ่ายล่วงหน้า หรือ ค่าใช้จ่ายรอการตัดบัญชี(เพิ่มขึ้น)ลดลง หรือ การลดลง(เพิ่มขึ้น)ในค่าใช้จ่ายจ่ายล่วงหน้า หรือ ค่าใช้จ่ายรอการตัดบัญชีเพิ่มขึ้น หรือ การ(เพิ่มขึ้น)ลดลงในค่าใช้จ่ายรอตัดบัญชี หรือ สินทรัพย์อื่นลดลง(เพิ่มขึ้น) หรือ รายได้ค้างรับลดลง หรือ การเพิ่มขึ้นในสินทรัพย์อื่น หรือ สินทรัพย์อื่นเพิ่มขึ้น หรือ การลดลงในค่าใช้จ่ายจ่ายล่วงหน้า หรือ การลดลงในเงินฝากสถาบันการเงินที่ติดภาระค้ำประกัน หรือ ลูกหนี้ค่าเช่าลดลง(เพิ่มขึ้น) หรือ สินทรัพย์อื่น(เพิ่มขึ้น) หรือ การลดลง(เพิ่มขึ้น)ในสินทรัพย์อื่น หรือ สินทรัพย์อื่น(เพิ่มขึ้น)ลดลง หรือ การลดลง(เพิ่มขึ้น)ในค่าใช้จ่ายรอตัดบัญชี หรือ การลดลงในสินทรัพย์อื่น หรือ รายได้ค้างรับ(เพิ่มขึ้น)ลดลง
F5,567600,688,178,174,0,เจ้าหนี้การค้าและเจ้าหนี้อื่น เพิ่มขึ้น (ลดลง),Increase (Decrease) In Trade And Other Payables,569998,1,,N,123,CF,ปรับกระทบรายการเพิ่มขึ้น (ลดลง) ในสินทรัพย์สุทธิจากการดำเนินงานให้เป็นเงินสดสุทธิได้มา (ใช้ไป) จากการดำเนินงาน,,,,,,,,,เจ้าหนี้อื่นลดลง หรือ เจ้าหนี้อื่นและค่าใช้จ่ายค้างจ่ายเพิ่มขึ้น(ลดลง) หรือ การลดลงในเจ้าหนี้ หรือ เจ้าหนี้อื่นเพิ่มขึ้น หรือ การ(ลดลง)เพิ่มขึ้นในเจ้าหนี้ หรือ การจ่ายชำระหนี้สินตามสัญญาเช่า หรือ เจ้าหนี้อื่นและค่าใช้จ่ายค้างจ่ายลดลง หรือ การเพิ่มขึ้น(ลดลง)ในเจ้าหนี้ หรือ เจ้าหนี้อื่นเพิ่มขึ้น(ลดลง) หรือ เจ้าหนี้จากสัญญาซื้อและโอนสิทธิรายได้สุทธิเพิ่มขึ้น หรือ การเพิ่มขึ้นในเจ้าหนี้
F5,568900,903,179,175,0,ค่าใช้จ่ายค้างจ่าย เพิ่มขึ้น (ลดลง),Increase (Decrease) In Accrued Expenses,569998,1,,N,123,CF,ปรับกระทบรายการเพิ่มขึ้น (ลดลง) ในสินทรัพย์สุทธิจากการดำเนินงานให้เป็นเงินสดสุทธิได้มา (ใช้ไป) จากการดำเนินงาน,,,,,,,,,ค่าใช้จ่ายค้างจ่ายเพิ่มขึ้น(ลดลง) หรือ การเพิ่มขึ้น(ลดลง)ในค่าใช้จ่ายค้างจ่าย หรือ ค่าใช้จ่ายค้างจ่ายลดลง หรือ ค่าใช้จ่ายรอการตัดบัญชี(เพิ่มขึ้น)ลดลง หรือ การ(ลดลง)เพิ่มขึ้นในค่าใช้จ่ายค้างจ่าย หรือ การเพิ่มขึ้นในค่าใช้จ่ายค้างจ่าย หรือ ค่าใช้จ่ายรอการตัดบัญชีลดลง หรือ ค่าใช้จ่ายค้างจ่ายเพิ่มขึ้น
F5,568901,904,180,176,0,รายได้รอการรับรู้ เพิ่มขึ้น (ลดลง),Increase (Decrease) In Deferred Income,569998,1,,N,123,CF,ปรับกระทบรายการเพิ่มขึ้น (ลดลง) ในสินทรัพย์สุทธิจากการดำเนินงานให้เป็นเงินสดสุทธิได้มา (ใช้ไป) จากการดำเนินงาน,,,,,,,,,รายได้ค้างรับเพิ่มขึ้น หรือ รายได้ค้างรับ(เพิ่มขึ้น)ลดลง
F5,568902,905,181,177,0,เงินมัดจำ เพิ่มขึ้น (ลดลง),Increase (Decrease) In Deposits,569998,1,,N,123,CF,ปรับกระทบรายการเพิ่มขึ้น (ลดลง) ในสินทรัพย์สุทธิจากการดำเนินงานให้เป็นเงินสดสุทธิได้มา (ใช้ไป) จากการดำเนินงาน,,,,,,,,,การลดลงในเงินมัดจำการให้เช่า หรือ การเพิ่มขึ้น(ลดลง)ในเงินมัดจำการให้เช่า หรือ การ(ลดลง)เพิ่มขึ้นในเงินมัดจำการให้เช่า หรือ เงินมัดจำค่าเช่าและบริการเพิ่มขึ้น(ลดลง) หรือ เงินมัดจำรับค่าเช่าและบริการเพิ่มขึ้น(ลดลง) หรือ การเพิ่มขึ้นในเงินมัดจำการให้เช่า หรือ เงินมัดจำรับจากลูกค้าเพิ่มขึ้น(ลดลง) หรือ เงินมัดจำค่าเช่าและบริการเพิ่มขึ้น หรือ เงินมัดจำรับจากลูกค้าเพิ่มขึ้น หรือ เงินมัดจำรับจากผู้เช่าเพิ่มขึ้น(ลดลง) หรือ เงินมัดจำรับจากผู้เช่าเพิ่มขึ้น
F5,568700,900,182,178,0,ประมาณการหนี้สินผลประโยชน์พนักงาน เพิ่มขึ้น (ลดลง),Increase (Decrease) In Provisions For Employee Benefit Obligations,569998,1,,N,123,CF,ปรับกระทบรายการเพิ่มขึ้น (ลดลง) ในสินทรัพย์สุทธิจากการดำเนินงานให้เป็นเงินสดสุทธิได้มา (ใช้ไป) จากการดำเนินงาน,,,,,,,,,
F5,568000,693,183,179,0,ประมาณการหนี้สิน เพิ่มขึ้น (ลดลง),Increase (Decrease) In Provisions,569998,1,,N,123,CF,ปรับกระทบรายการเพิ่มขึ้น (ลดลง) ในสินทรัพย์สุทธิจากการดำเนินงานให้เป็นเงินสดสุทธิได้มา (ใช้ไป) จากการดำเนินงาน,,,,,,,,,
F5,568800,901,184,180,0,เจ้าหนี้ที่เกิดจากภาษีอื่นหรือรายการอื่นภายใต้กฎหมาย เพิ่มขึ้น (ลดลง),Increase (Decrease) In Other Tax Or Other Payables Under Law And Regulations,569998,1,,N,123,CF,ปรับกระทบรายการเพิ่มขึ้น (ลดลง) ในสินทรัพย์สุทธิจากการดำเนินงานให้เป็นเงินสดสุทธิได้มา (ใช้ไป) จากการดำเนินงาน,,,,,,,,,ภาษีเงินได้หักณที่จ่ายค้างจ่ายเพิ่มขึ้น(ลดลง) หรือ ภาษีหักณที่จ่ายค้างจ่ายเพิ่มขึ้น(ลดลง) หรือ ภาษีเงินได้หักณที่จ่ายค้างจ่าย(ลดลง)เพิ่มขึ้น หรือ ภาษีหักณที่จ่ายค้างจ่ายเพิ่มขึ้น หรือ ภาษีธุรกิจเฉพาะค้างจ่ายเพิ่มขึ้น หรือ ภาษีหักณที่จ่ายค้างจ่ายลดลง หรือ การเพิ่มขึ้นในภาษีที่ดินและสิ่งปลูกสร้างค้างจ่าย หรือ ภาษีธุรกิจเฉพาะค้างจ่ายเพิ่มขึ้น(ลดลง) หรือ ภาษีธุรกิจเฉพาะค้างจ่ายลดลง หรือ ภาษีขายยังไม่ถึงกำหนดชำระลดลง หรือ ภาษีขายยังไม่ถึงกำหนดชำระเพิ่มขึ้น
F5,568300,695,185,181,0,หนี้สินอื่น เพิ่มขึ้น (ลดลง),Increase (Decrease) In Other Liabilities,569998,1,,N,123,CF,ปรับกระทบรายการเพิ่มขึ้น (ลดลง) ในสินทรัพย์สุทธิจากการดำเนินงานให้เป็นเงินสดสุทธิได้มา (ใช้ไป) จากการดำเนินงาน,,,,,,,,,หนี้สินอื่นเพิ่มขึ้น หรือ การเพิ่มขึ้นในค่าภาษีโรงเรือนค้างจ่าย หรือ การเพิ่มขึ้นในหนี้สินอื่น หรือ การ(ลดลง)เพิ่มขึ้นในหนี้สินอื่น หรือ หนี้สินอื่นเพิ่มขึ้น(ลดลง) หรือ การเพิ่มขึ้น(ลดลง)ในหนี้สินอื่น หรือ หนี้สินอื่นลดลง หรือ หนี้สินอื่น(ลดลง)เพิ่มขึ้น
F5,564700,653,186,182,0,เงินปันผลและดอกเบี้ยรับ,Dividend And Interest Income,569998,1,,N,12,CF,ปรับกระทบรายการเพิ่มขึ้น (ลดลง) ในสินทรัพย์สุทธิจากการดำเนินงานให้เป็นเงินสดสุทธิได้มา (ใช้ไป) จากการดำเนินงาน,,,,,,,,,
F5,564710,654,187,183,1,รายได้เงินปันผล,Dividend Income,564700,1,,N,12,CF,ปรับกระทบรายการเพิ่มขึ้น (ลดลง) ในสินทรัพย์สุทธิจากการดำเนินงานให้เป็นเงินสดสุทธิได้มา (ใช้ไป) จากการดำเนินงาน,,,569700,,,,,,
F5,564720,655,188,184,1,รายได้ดอกเบี้ย,Interest Income,564700,1,,N,12,CF,ปรับกระทบรายการเพิ่มขึ้น (ลดลง) ในสินทรัพย์สุทธิจากการดำเนินงานให้เป็นเงินสดสุทธิได้มา (ใช้ไป) จากการดำเนินงาน,,,569500,,,,,,ส่วนลดมูลค่าเงินลงทุนในหลักทรัพย์ตัดจำหน่าย หรือ ดอกเบี้ยรับ หรือ ตัดจำหน่ายส่วนต่ำมูลค่าเงินลงทุนในหลักทรัพย์ หรือ ตัดจำหน่ายส่วนต่ำมูลค่าเงินลงทุนในตราสารหนี้
F5,564800,656,189,185,0,ต้นทุนทางการเงิน,Finance Costs,569998,1,,N,23,CF,ปรับกระทบรายการเพิ่มขึ้น (ลดลง) ในสินทรัพย์สุทธิจากการดำเนินงานให้เป็นเงินสดสุทธิได้มา (ใช้ไป) จากการดำเนินงาน,,,569600,,,,,,ค่าใช้จ่ายดอกเบี้ย
F5,564900,657,190,186,0,ภาษีเงินได้,Income Tax Expense,569998,1,,N,123,CF,ปรับกระทบรายการเพิ่มขึ้น (ลดลง) ในสินทรัพย์สุทธิจากการดำเนินงานให้เป็นเงินสดสุทธิได้มา (ใช้ไป) จากการดำเนินงาน,,,,,,,,,ภาษีเงินได้หักณที่จ่ายค้างจ่าย(ลดลง)เพิ่มขึ้น หรือ ภาษีหักณที่จ่ายค้างจ่ายเพิ่มขึ้น หรือ ภาษีเงินได้หักณที่จ่ายค้างจ่ายเพิ่มขึ้น
F5,565000,660,191,187,0,รายการปรับปรุงอื่น ๆ,Other Reconciliation Items,569998,1,,N,123,CF,ปรับกระทบรายการเพิ่มขึ้น (ลดลง) ในสินทรัพย์สุทธิจากการดำเนินงานให้เป็นเงินสดสุทธิได้มา (ใช้ไป) จากการดำเนินงาน,,,,,,,,กำไร หรือ ขาดทุน จากการดำเนินงาน นอกเหนือจากรายการอื่นๆในกระแสเงินสดจากการดำเนินงานที่ระบุแล้ว,ค่าใช้จ่ายรอการตัดบัญชีตัดจำหน่าย หรือ ค่าใช้จ่ายรอตัดบัญชีตัดจำหน่าย หรือ เงินชดเชยได้รับและค่าขายเศษซากจากเหตุการณ์อัคคีภัย หรือ กำไรจากเหตุการณ์อัคคีภัย หรือ ขาดทุนจากการตัดจำหน่ายอสังหาริมทรัพย์เพื่อการลงทุน หรือ การตัดจำหน่ายค่าธรรมเนียมเงินกู้ยืม
F5,569998,914,192,188,0,เงินสดรับ (จ่าย) จากการดำเนินงาน,Cash Generated From (Used In) Operations,569999,1,B,NV,123,CF,ปรับกระทบรายการเพิ่มขึ้น (ลดลง) ในสินทรัพย์สุทธิจากการดำเนินงานให้เป็นเงินสดสุทธิได้มา (ใช้ไป) จากการดำเนินงาน,,,,,,,,,
F5,569500,906,193,189,0,รับดอกเบี้ย,Interest Received,569999,1,,N,23,CF,ปรับกระทบรายการเพิ่มขึ้น (ลดลง) ในสินทรัพย์สุทธิจากการดำเนินงานให้เป็นเงินสดสุทธิได้มา (ใช้ไป) จากการดำเนินงาน,,,569600,,,,,,เงินสดรับดอกเบี้ย หรือ เงินสดรับจากดอกเบี้ย หรือ ดอกเบี้ยรับ หรือ รายได้ดอกเบี้ย
F5,569600,908,194,190,0,จ่ายดอกเบี้ย,Interest Paid,569999,1,,N,12,CF,ปรับกระทบรายการเพิ่มขึ้น (ลดลง) ในสินทรัพย์สุทธิจากการดำเนินงานให้เป็นเงินสดสุทธิได้มา (ใช้ไป) จากการดำเนินงาน,,,569500,,,,,,เงินสดจ่ายดอกเบี้ย หรือ ดอกเบี้ยจ่าย หรือ ดอกเบี้ยรับ หรือ เงินสดรับจากดอกเบี้ย หรือ รายได้ดอกเบี้ย
F5,569700,910,195,191,0,รับเงินปันผล,Dividend Received,569999,1,,N,23,CF,ปรับกระทบรายการเพิ่มขึ้น (ลดลง) ในสินทรัพย์สุทธิจากการดำเนินงานให้เป็นเงินสดสุทธิได้มา (ใช้ไป) จากการดำเนินงาน,,,569800,,,,,,เงินสดรับเงินปันผล
F5,569800,911,196,192,0,การแบ่งปันส่วนทุนให้ผู้ถือหน่วยลงทุน,Distribution Of Income To Unitholders,569999,1,,N,12,CF,ปรับกระทบรายการเพิ่มขึ้น (ลดลง) ในสินทรัพย์สุทธิจากการดำเนินงานให้เป็นเงินสดสุทธิได้มา (ใช้ไป) จากการดำเนินงาน,,,569700,,,,,,
F5,569900,912,197,193,0,(จ่าย) คืนภาษีเงินได้,Income Tax (Paid) Received,569999,1,,N,123,CF,ปรับกระทบรายการเพิ่มขึ้น (ลดลง) ในสินทรัพย์สุทธิจากการดำเนินงานให้เป็นเงินสดสุทธิได้มา (ใช้ไป) จากการดำเนินงาน,,,,,,,,,"เงินสดจ่ายภาษีเงินได้, เงินสดคืนภาษีเงินได้"
F5,569999,699,198,194,0,เงินสดสุทธิได้มาจาก (ใช้ไปใน) กิจกรรมดำเนินงาน,Net Cash From (Used In) Operating Activities,509999,1,B,NV,123,CF,ปรับกระทบรายการเพิ่มขึ้น (ลดลง) ในสินทรัพย์สุทธิจากการดำเนินงานให้เป็นเงินสดสุทธิได้มา (ใช้ไป) จากการดำเนินงาน,,,,,Y,,,,เงินสดสุทธิได้มาจาก(ใช้ไปใน)กิจกรรมดำเนินงาน หรือ เงินสดสุทธิจากกิจกรรมดำเนินงาน หรือ เงินสดสุทธิได้มาจากกิจกรรมดำเนินงาน
F5,530000,T20,199,195,0,เงินสดสุทธิจากกิจกรรมจัดหาเงิน,Net Cash From Financing Activities,No,,B Fix,T,,CF,กระแสเงินสดจากกิจกรรมจัดหาเงิน,,,,,,,,,
F5,530100,800,200,196,0,เงินเบิกเกินบัญชีและเงินกู้ยืมระยะสั้น - สถาบันการเงิน เพิ่มขึ้น (ลดลง),Increase (Decrease) In Bank Overdrafts And Short-Term Borrowings - Financial Institutions,539999,1,,N,123,CF,กระแสเงินสดจากกิจกรรมจัดหาเงิน,,,,,,,,,
F5,530200,801,201,197,0,เงินกู้ยืมระยะสั้นเพิ่มขึ้น (ลดลง),Increase (Decrease) In Short-Term Borrowings,539999,1,,N,123,CF,กระแสเงินสดจากกิจกรรมจัดหาเงิน,,,,,,,,,
F5,530300,804,202,198,0,เงินสดรับจากเงินกู้ยืม,Proceeds From Borrowings,539999,1,,N,23,CF,กระแสเงินสดจากกิจกรรมจัดหาเงิน,,,530400,,,,,,
F5,530310,805,203,199,1,เงินสดรับจากเงินกู้ยืมระยะสั้น,Proceeds From Short-Term Borrowings,530300,1,,N,23,CF,กระแสเงินสดจากกิจกรรมจัดหาเงิน,,,530410,,,,,,
F5,530320,809,204,200,1,เงินสดรับจากเงินกู้ยืมระยะยาว,Proceeds From Long-Term Borrowings,530300,1,,N,23,CF,กระแสเงินสดจากกิจกรรมจัดหาเงิน,,,530420,,,,,,
F5,530400,813,205,201,0,เงินสดจ่ายชำระเงินกู้ยืม,Repayments On Borrowings,539999,1,,N,12,CF,กระแสเงินสดจากกิจกรรมจัดหาเงิน,,,530300,,,,,,
F5,530410,814,206,202,1,เงินสดจ่ายชำระเงินกู้ยืมระยะสั้น,Repayments On Short-Term Borrowings,530400,1,,N,12,CF,กระแสเงินสดจากกิจกรรมจัดหาเงิน,,,530310,,,,,,เงินสดจ่ายเพื่อชำระเงินกู้ยืมระยะสั้น หรือ เงินสดจ่ายชำระคืนเงินกู้ยืมระยะสั้น
F5,530420,818,207,203,1,เงินสดจ่ายชำระเงินกู้ยืมระยะยาว,Repayments On Long-Term Borrowings,530400,1,,N,12,CF,กระแสเงินสดจากกิจกรรมจัดหาเงิน,,,530320,,,,,,เงินสดจ่ายเพื่อชำระเงินกู้ยืมระยะยาว หรือ จ่ายคืนเงินกู้ยืมระยะยาวจากธนาคาร
F5,530500,822,208,204,0,เงินสดจ่ายชำระหนี้สินตามสัญญาเช่า,Repayments On Lease Liabilities,539999,1,,N,123,CF,กระแสเงินสดจากกิจกรรมจัดหาเงิน,,,,,,,,,
F5,530700,826,209,205,0,เงินสดรับจากตราสารหนี้ที่ออก,Proceeds From Issuance Of Debt Instruments,539999,1,,N,23,CF,กระแสเงินสดจากกิจกรรมจัดหาเงิน,รวมถึง หุ้นกู้ หู้นกู้ด้อยสิทธิ หุ้นกู้แปลงสภาพ หุ้นกู้ที่มีลักษณะคล้ายทุน,"Include bonds, subordinated bonds, convertible bonds, perpetual bonds, ",530800,,,,,,เงินสดรับจากการออกจำหน่ายหุ้นกู้
F5,530800,827,210,206,0,เงินสดจ่ายชำระตราสารหนี้ที่ออก,Repayments On Debt Instruments,539999,1,,N,12,CF,กระแสเงินสดจากกิจกรรมจัดหาเงิน,รวมถึง หุ้นกู้ หู้นกู้ด้อยสิทธิ หุ้นกู้แปลงสภาพ หุ้นกู้ที่มีลักษณะคล้ายทุน,"Include bonds, subordinated bonds, convertible bonds, perpetual bonds, ",530700,,,,,,เงินสดจ่ายเพื่อชำระหุ้นกู้ หรือ เงินสดจ่ายชำระคืนหุ้นกู้
F5,530900,828,211,207,0,เงินสดรับจากการจำหน่ายหน่วยลงทุน,Proceeds From Issuance Of Investment Units,539999,1,,N,23,CF,กระแสเงินสดจากกิจกรรมจัดหาเงิน,,,531000,,,,,,เงินสดรับจากการออกจำหน่ายหน่วยทรัสต์
F5,531000,829,212,208,0,เงินสดจ่ายมูลค่าหน่วยลงทุนจากการลดทุน,Payments For Capital Reduction,539999,1,,N,12,CF,กระแสเงินสดจากกิจกรรมจัดหาเงิน,,,530900,,,,,,เงินสดจ่ายจากการลดมูลค่าหน่วยลงทุน หรือ การจ่ายคืนมูลค่าหน่วยลงทุนจากการลดทุน หรือ จ่ายคืนทุน
F5,531400,833,213,209,0,เงินสดจ่ายค่าธรรมเนียมการให้สินเชื่อ,Payments For Front-End Fee,539999,1,,N,123,CF,กระแสเงินสดจากกิจกรรมจัดหาเงิน,,,,,,,,,เงินสดจ่ายดอกเบี้ย
F5,531500,834,214,210,0,เงินสดจ่ายสำหรับค่าใช้จ่ายในการจำหน่ายหุ้นกู้,Payments For Underwriting Fee,539999,1,,N,123,CF,กระแสเงินสดจากกิจกรรมจัดหาเงิน,,,,,,,,,
F5,531600,835,215,211,0,เงินสดรับจากการแปลงสภาพกองทุนรวมไปกองทรัสต์,Proceeds From Conversion Of Mutual Fund To Trust,539999,1,,N,123,CF,กระแสเงินสดจากกิจกรรมจัดหาเงิน,,,,,,,,,
F5,539800,839,216,212,0,การแบ่งปันส่วนทุนให้ผู้ถือหน่วยลงทุน,Distribution Of Income To Unitholders,539999,1,,N,123,CF,กระแสเงินสดจากกิจกรรมจัดหาเงิน,แสดงผลใน Company Highlight & Fact Sheet,Displayed in the Company Highlight & Fact Sheet,,,,,,,การแบ่งปันส่วนทุนให้ผู้ถือหน่วยทรัสต์ หรือ จ่ายเงินปันผล หรือ จ่ายคืนทุน หรือ การแบ่งปันส่วนทุนให้แก่ผู้ถือหน่วยทรัสต์ หรือ การแบ่งปันส่วนทุนให้แก่ผู้ถือหน่วยลงทุน
F5,539600,838,217,213,0,จ่ายดอกเบี้ย,Interest Paid,539999,1,,N,123,CF,กระแสเงินสดจากกิจกรรมจัดหาเงิน,,,,,,,,,เงินสดจ่ายดอกเบี้ย หรือ เงินสดจ่ายดอกเบี้ย
F5,539900,840,218,214,0,รายการอื่น ๆ (กิจกรรมจัดหาเงิน),Other Items (Financing Activities),539999,1,,N,123,CF,กระแสเงินสดจากกิจกรรมจัดหาเงิน,,,,,,,,,
F5,539999,899,219,215,0,เงินสดสุทธิได้มาจาก (ใช้ไปใน) กิจกรรมจัดหาเงิน,Net Cash From (Used In) Financing Activities,509999,1,B,NV,123,CF,กระแสเงินสดจากกิจกรรมจัดหาเงิน,แสดงผลใน Company Highlight & Fact Sheet,Displayed in the Company Highlight & Fact Sheet,,,Y,,,,เงินสดสุทธิได้มาจาก(ใช้ไปใน)กิจกรรมจัดหาเงิน หรือ เงินสดสุทธิใช้ไปในกิจกรรมจัดหาเงิน
F5,509999,951,220,216,0,เงินสดและรายการเทียบเท่าเงินสด เพิ่มขึ้น (ลดลง) สุทธิ,Net Increase (Decrease) In Cash And Cash Equivalent,599999,1,B,NV,123,CF,เงินสดและรายการเทียบเท่า,แสดงผลใน Company Highlight & Fact Sheet,Displayed in the Company Highlight & Fact Sheet,,,,,,,เงินฝากสถาบันการเงินเพิ่มขึ้น(ลดลง)สุทธิ หรือ เงินสดและรายการเทียบเท่าเงินสดลดลงสุทธิ หรือ เงินฝากสถาบันการเงินเพิ่มขึ้นสุทธิ หรือ เงินสดและรายการเทียบเท่าเงินสดเพิ่มขึ้นสุทธิ หรือ เงินสดและรายการเทียบเท่าเงินสดเพิ่มขึ้น(ลดลง)สุทธิ หรือ เงินฝากสถาบันการเงิน(ลดลง)เพิ่มขึ้นสุทธิ
F5,540100,952,221,217,0,ผลกระทบจากอัตราแลกเปลี่ยนในเงินสดและรายการเทียบเท่าเงินสด,Effect Of Exchange Rate Changes On Cash And Cash Equivalents,599999,1,,N,123,CF,ผลกระทบของอัตราแลกเปลี่ยน,,,,,,,,,
F5,540200,953,222,218,0,ผลต่างจากอัตราแลกเปลี่ยนจากการแปลงค่างบการเงิน,Differences Of Foreign Currency Exchange On Financial Statements Translation,599999,1,,N,123,CF,ผลกระทบของอัตราแลกเปลี่ยน,,,,,,,,,
F5,540300,954,223,219,0,รายการอื่น ๆ,Other Items,599999,1,,N,123,CF,รายการอื่น ๆ,,,,,,,,,
F5,599998,955,224,220,0,เงินสดและรายการเทียบเท่าเงินสด ต้นงวด,"Cash And Cash Equivalents, Beginning Balance",599999,1,,N,123,CF,เงินสดและรายการเทียบเท่า,,,,,,,,,เงินสดและรายการเทียบเท่าเงินสดณวันต้นปี หรือ เงินสดและรายการเทียบเท่าเงินสดณวันที่ หรือ เงินสดและรายการเทียบเท่าเงินสดณวันที่/ หรือ เงินสดและรายการเทียบเท่าเงินสดต้นงวด หรือ เงินฝากสถาบันการเงินณวันต้นปี หรือ เงินสดและรายการเทียบเท่าเงินสดต้นปี หรือ เงินสดและรายการเทียบเท่าเงินสดณวันต้นงวด หรือ เงินฝากสถาบันการเงินณวันต้นงวด
F5,599999,956,225,221,0,เงินสดและรายการเทียบเท่าเงินสด สิ้นงวด,"Cash And Cash Equivalents, Ending Balance",No,,BU,NV,123,CF,เงินสดและรายการเทียบเท่า,,,,Y,Y,,,,เงินสดและรายการเทียบเท่าเงินสดสิ้นงวด หรือ เงินสดและรายการเทียบเท่าเงินสดสิ้นปี หรือ เงินสดและรายการเทียบเท่าเงินสดณวันที่ หรือ เงินฝากสถาบันการเงินณวันสิ้นงวด หรือ เงินสดและรายการเทียบเท่าเงินสดณวันปลายงวด หรือ เงินสดและรายการเทียบเท่าเงินสดสิ้นรอบระยะเวลา หรือ เงินฝากสถาบันการเงินณวันสิ้นปี หรือ เงินสดและรายการเทียบเท่าเงินสดณวันปลายปี
